interval_begin, interval_end, interval_haltingDurationSum, interval_id, interval_intervalHaltingDurationSum, interval_jamLengthInMetersSum, interval_jamLengthInVehiclesSum, interval_maxHaltingDuration, interval_maxIntervalHaltingDuration, interval_maxJamLengthInMeters, interval_maxJamLengthInVehicles, interval_maxOccupancy, interval_maxVehicleNumber, interval_meanHaltingDuration, interval_meanIntervalHaltingDuration, interval_meanMaxJamLengthInMeters, interval_meanMaxJamLengthInVehicles, interval_meanOccupancy, interval_meanSpeed, interval_meanTimeLoss, interval_meanVehicleNumber, interval_nVehEntered, interval_nVehLeft, interval_nVehSeen, interval_sampledSeconds, interval_startedHalts,random_seed,scenario
0.0,300.0,141.0, CMB_to_KBJ_001_1,141.0,1079.73,139,138.0,138.0,10.0,2,100.0,2,70.5,70.5,3.6,0.46,37.7,0.4,37.25,0.52,4,4,4,152.82,2.0,1,Static TL
300.0,600.0,232.0, CMB_to_KBJ_001_1,232.0,1053.38,230,160.0,160.0,10.0,2,100.0,2,116.0,116.0,3.51,0.77,31.57,0.31,48.52,0.84,5,5,5,247.39,2.0,1,Static TL
600.0,900.0,174.0, CMB_to_KBJ_001_1,174.0,597.77,169,88.0,88.0,10.0,2,100.0,2,34.8,34.8,1.99,0.56,20.88,0.49,26.58,0.65,7,5,7,191.9,5.0,1,Static TL
900.0,1200.0,336.0, CMB_to_KBJ_001_1,262.0,2154.75,261,179.0,179.0,10.0,2,100.0,2,112.0,87.33,7.18,0.87,71.34,0.27,45.4,0.94,4,6,6,277.74,1.0,1,Static TL
1200.0,1500.0,245.0, CMB_to_KBJ_001_1,245.0,1108.25,243,133.0,133.0,10.0,2,100.0,2,122.5,122.5,3.69,0.81,30.32,0.39,36.85,0.91,7,7,7,264.53,2.0,1,Static TL
1500.0,1800.0,126.0, CMB_to_KBJ_001_1,126.0,528.37,123,65.0,65.0,10.0,2,89.99,2,42.0,42.0,1.76,0.41,19.12,0.63,19.02,0.48,7,6,7,138.68,4.0,1,Static TL
1800.0,2100.0,438.0, CMB_to_KBJ_001_1,373.0,1081.43,367,147.0,88.0,10.0,4,68.94,4,62.57,53.28,3.6,1.22,27.84,0.36,29.44,1.35,12,10,13,391.53,6.0,1,Static TL
2100.0,2400.0,595.0, CMB_to_KBJ_001_1,401.0,1766.23,399,182.0,182.0,10.0,3,100.0,3,119.0,80.2,5.89,1.33,46.88,0.37,32.51,1.48,10,13,13,432.79,2.0,1,Static TL
2400.0,2700.0,339.0, CMB_to_KBJ_001_1,339.0,1125.32,336,125.0,125.0,10.0,3,93.76,3,113.0,113.0,3.75,1.12,29.35,0.47,29.8,1.28,12,12,12,368.83,3.0,1,Static TL
2700.0,3000.0,423.0, CMB_to_KBJ_001_1,423.0,1264.94,419,124.0,124.0,9.85,3,100.0,3,84.6,84.6,4.22,1.4,35.13,0.34,36.71,1.53,12,9,12,450.03,6.0,1,Static TL
3000.0,3300.0,658.0, CMB_to_KBJ_001_1,373.0,2492.77,372,190.0,190.0,10.0,3,100.0,3,164.5,93.25,8.31,1.24,80.83,0.45,24.83,1.41,13,15,16,408.92,1.0,1,Static TL
3300.0,3600.0,322.0, CMB_to_KBJ_001_1,322.0,1338.21,318,150.0,150.0,8.35,2,90.42,2,80.5,80.5,4.46,1.06,37.64,0.78,15.99,1.3,21,20,22,369.4,5.0,1,Static TL
3600.0,3900.0,484.0, CMB_to_KBJ_001_1,444.0,1825.27,440,183.0,163.0,8.75,2,83.53,2,80.67,74.0,6.08,1.47,50.09,0.33,35.51,1.6,11,11,13,471.67,5.0,1,Static TL
3900.0,4200.0,734.0, CMB_to_KBJ_001_1,617.0,2168.95,614,167.0,159.0,10.0,3,84.61,3,146.8,123.4,7.23,2.05,56.33,0.24,48.83,2.19,11,10,13,644.24,3.0,1,Static TL
4200.0,4500.0,892.0, CMB_to_KBJ_001_1,478.0,2078.62,476,199.0,199.0,10.0,3,84.0,3,178.4,95.6,6.93,1.59,58.37,0.48,24.17,1.8,18,21,21,523.13,3.0,1,Static TL
4500.0,4800.0,0.0, CMB_to_KBJ_001_1,0.0,0.0,0,0.0,0.0,0.0,0,0.0,0,0.0,0.0,0.0,0.0,0.0,-1.0,-1.0,0.0,0,0,0,0.0,0.0,1,Static TL
4800.0,5100.0,0.0, CMB_to_KBJ_001_1,0.0,0.0,0,0.0,0.0,0.0,0,0.0,0,0.0,0.0,0.0,0.0,0.0,-1.0,-1.0,0.0,0,0,0,0.0,0.0,1,Static TL
5100.0,5313.0,0.0, CMB_to_KBJ_001_1,0.0,0.0,0,0.0,0.0,0.0,0,0.0,0,0.0,0.0,0.0,0.0,0.0,-1.0,-1.0,0.0,0,0,0,0.0,0.0,1,Static TL
0.0,300.0,140.0, CMB_to_KBJ_001_1,140.0,1389.29,139,140.0,140.0,10.0,1,100.0,2,140.0,140.0,4.63,0.46,48.32,0.43,36.91,0.52,4,4,4,151.79,1.0,2,Static TL
300.0,600.0,232.0, CMB_to_KBJ_001_1,232.0,859.89,230,160.0,160.0,10.0,2,100.0,2,116.0,116.0,2.87,0.77,25.21,0.31,48.6,0.84,5,5,5,247.9,2.0,2,Static TL
600.0,900.0,123.0, CMB_to_KBJ_001_1,123.0,450.57,120,89.0,89.0,10.0,2,100.0,2,41.0,41.0,1.5,0.4,16.71,0.65,18.91,0.48,7,6,7,138.14,3.0,2,Static TL
900.0,1200.0,244.0, CMB_to_KBJ_001_1,221.0,1886.32,220,179.0,179.0,10.0,1,100.0,2,122.0,110.5,6.29,0.73,65.03,0.29,46.15,0.8,4,5,5,235.1,1.0,2,Static TL
1200.0,1500.0,242.0, CMB_to_KBJ_001_1,242.0,1098.2,240,131.0,131.0,10.0,2,100.0,2,121.0,121.0,3.66,0.8,30.36,0.4,36.52,0.9,7,7,7,262.28,2.0,2,Static TL
1500.0,1800.0,286.0, CMB_to_KBJ_001_1,286.0,1542.49,402,118.0,118.0,10.0,2,100.0,2,95.33,95.33,5.14,1.34,42.3,0.24,52.15,1.43,8,6,8,424.13,4.0,2,Static TL
1800.0,2100.0,564.0, CMB_to_KBJ_001_1,396.0,976.88,391,184.0,82.0,10.0,4,69.97,4,80.57,56.57,3.26,1.3,26.77,0.4,25.72,1.45,14,13,16,422.08,5.0,2,Static TL
2100.0,2400.0,525.0, CMB_to_KBJ_001_1,404.0,1775.18,402,182.0,182.0,9.65,3,100.0,3,105.0,80.8,5.92,1.34,47.36,0.35,32.43,1.48,10,13,13,431.11,2.0,2,Static TL
2400.0,2700.0,219.0, CMB_to_KBJ_001_1,219.0,992.51,217,128.0,128.0,8.9,2,94.9,2,109.5,109.5,3.31,0.72,29.04,0.69,19.78,0.87,12,12,12,248.25,3.0,2,Static TL
2700.0,3000.0,363.0, CMB_to_KBJ_001_1,363.0,1471.2,358,101.0,101.0,8.75,2,100.0,2,72.6,72.6,4.9,1.19,40.95,0.42,31.39,1.33,12,10,12,386.77,5.0,2,Static TL
3000.0,3300.0,838.0, CMB_to_KBJ_001_1,677.0,2349.17,673,189.0,189.0,9.92,3,79.01,3,139.67,112.83,7.83,2.24,65.95,0.27,46.67,2.43,13,14,15,711.91,4.0,2,Static TL
3300.0,3600.0,347.0, CMB_to_KBJ_001_1,347.0,1555.7,342,152.0,152.0,10.0,3,94.61,3,69.4,69.4,5.19,1.14,44.84,0.66,17.94,1.37,20,18,21,393.05,5.0,2,Static TL
3600.0,3900.0,662.0, CMB_to_KBJ_001_1,599.0,2069.77,596,184.0,164.0,10.0,3,88.48,3,110.33,99.83,6.9,1.99,57.57,0.23,43.92,2.11,11,12,14,624.27,3.0,2,Static TL
3900.0,4200.0,833.0, CMB_to_KBJ_001_1,722.0,2755.5,719,176.0,176.0,10.0,3,85.94,3,166.6,144.4,9.19,2.4,70.33,0.16,66.87,2.5,9,8,11,743.01,3.0,2,Static TL
4200.0,4500.0,1416.0, CMB_to_KBJ_001_1,899.0,2311.62,893,208.0,199.0,10.0,4,97.17,4,157.33,99.89,7.71,2.98,53.22,0.31,40.79,3.27,20,23,23,957.0,6.0,2,Static TL
4500.0,4800.0,0.0, CMB_to_KBJ_001_1,0.0,0.0,0,0.0,0.0,0.0,0,0.0,0,0.0,0.0,0.0,0.0,0.0,-1.0,-1.0,0.0,0,0,0,0.0,0.0,2,Static TL
4800.0,5100.0,0.0, CMB_to_KBJ_001_1,0.0,0.0,0,0.0,0.0,0.0,0,0.0,0,0.0,0.0,0.0,0.0,0.0,-1.0,-1.0,0.0,0,0,0,0.0,0.0,2,Static TL
5100.0,5157.0,0.0, CMB_to_KBJ_001_1,0.0,0.0,0,0.0,0.0,0.0,0,0.0,0,0.0,0.0,0.0,0.0,0.0,-1.0,-1.0,0.0,0,0,0,0.0,0.0,2,Static TL
0.0,300.0,139.0, CMB_to_KBJ_001_1,139.0,1158.51,138,139.0,139.0,8.44,1,91.01,2,139.0,139.0,3.86,0.46,40.37,0.41,36.56,0.51,4,4,4,150.15,1.0,3,Static TL
300.0,600.0,71.0, CMB_to_KBJ_001_1,71.0,557.23,70,71.0,71.0,8.9,1,100.0,2,71.0,71.0,1.86,0.23,21.12,0.89,16.52,0.31,5,5,5,87.89,1.0,3,Static TL
600.0,900.0,122.0, CMB_to_KBJ_001_1,122.0,114.38,119,86.0,86.0,10.0,2,99.99,2,40.67,40.67,0.38,0.4,5.37,0.71,18.7,0.48,7,6,7,137.37,3.0,3,Static TL
900.0,1200.0,245.0, CMB_to_KBJ_001_1,220.0,1788.28,219,178.0,178.0,10.0,1,100.0,2,122.5,110.0,5.96,0.73,61.82,0.27,45.92,0.79,4,5,5,233.49,1.0,3,Static TL
1200.0,1500.0,112.0, CMB_to_KBJ_001_1,112.0,994.15,111,112.0,112.0,10.0,1,100.0,2,112.0,112.0,3.31,0.37,35.52,0.78,17.57,0.45,7,7,7,129.19,1.0,3,Static TL
1500.0,1800.0,218.0, CMB_to_KBJ_001_1,218.0,1069.76,214,104.0,104.0,9.05,2,100.0,2,54.5,54.5,3.57,0.71,34.51,0.42,28.57,0.8,8,6,8,234.76,5.0,3,Static TL
1800.0,2100.0,582.0, CMB_to_KBJ_001_1,417.0,1921.94,419,185.0,167.0,10.0,2,79.99,2,145.5,104.25,6.41,1.4,55.76,0.33,33.57,1.52,11,11,13,445.74,3.0,3,Static TL
2100.0,2400.0,625.0, CMB_to_KBJ_001_1,371.0,1716.98,369,187.0,178.0,10.0,2,100.0,2,156.25,92.75,5.72,1.23,47.27,0.47,28.07,1.41,12,14,14,405.63,2.0,3,Static TL
2400.0,2700.0,188.0, CMB_to_KBJ_001_1,188.0,826.34,186,97.0,97.0,9.1,2,92.71,2,94.0,94.0,2.75,0.62,23.11,0.76,17.15,0.75,12,12,12,215.66,3.0,3,Static TL
2700.0,3000.0,378.0, CMB_to_KBJ_001_1,378.0,1320.64,373,99.0,99.0,9.45,3,94.9,3,75.6,75.6,4.4,1.24,36.47,0.41,30.45,1.39,13,11,13,405.87,6.0,3,Static TL
3000.0,3300.0,457.0, CMB_to_KBJ_001_1,316.0,2125.65,314,190.0,190.0,8.65,2,96.8,2,114.25,79.0,7.09,1.05,70.3,0.47,25.93,1.19,11,12,13,347.18,2.0,3,Static TL
3300.0,3600.0,536.0, CMB_to_KBJ_001_1,536.0,1582.66,531,187.0,187.0,9.31,3,100.0,3,107.2,107.2,5.28,1.77,41.93,0.5,25.87,2.04,21,20,22,587.23,6.0,3,Static TL
3600.0,3900.0,523.0, CMB_to_KBJ_001_1,483.0,2169.49,481,185.0,164.0,10.0,2,100.0,2,130.75,120.75,7.23,1.6,60.34,0.27,45.36,1.72,9,9,11,507.96,2.0,3,Static TL
3900.0,4200.0,662.0, CMB_to_KBJ_001_1,506.0,2304.86,504,192.0,160.0,10.0,2,100.0,2,165.5,126.5,7.68,1.68,63.81,0.29,40.33,1.82,11,11,13,534.41,2.0,3,Static TL
4200.0,4500.0,769.0, CMB_to_KBJ_001_1,466.0,2151.88,464,200.0,200.0,9.45,2,100.0,2,192.25,116.5,7.17,1.55,61.02,0.52,23.58,1.77,19,21,21,511.58,2.0,3,Static TL
4500.0,4800.0,0.0, CMB_to_KBJ_001_1,0.0,0.0,0,0.0,0.0,0.0,0,0.0,0,0.0,0.0,0.0,0.0,0.0,-1.0,-1.0,0.0,0,0,0,0.0,0.0,3,Static TL
4800.0,5100.0,0.0, CMB_to_KBJ_001_1,0.0,0.0,0,0.0,0.0,0.0,0,0.0,0,0.0,0.0,0.0,0.0,0.0,-1.0,-1.0,0.0,0,0,0,0.0,0.0,3,Static TL
5100.0,5153.0,0.0, CMB_to_KBJ_001_1,0.0,0.0,0,0.0,0.0,0.0,0,0.0,0,0.0,0.0,0.0,0.0,0.0,-1.0,-1.0,0.0,0,0,0,0.0,0.0,3,Static TL
0.0,300.0,59.0, CMB_to_KBJ_001_2,59.0,488.14,58,59.0,59.0,9.55,1,100.0,2,59.0,59.0,1.63,0.19,19.54,2.15,5.8,0.3,12,12,12,80.37,2.0,1,Static TL
300.0,600.0,17.0, CMB_to_KBJ_001_2,17.0,257.2,35,17.0,17.0,10.0,1,100.0,1,17.0,17.0,0.86,0.12,11.44,3.92,2.66,0.23,17,16,17,59.39,2.0,1,Static TL
600.0,900.0,241.0, CMB_to_KBJ_001_2,224.0,778.1,220,129.0,112.0,8.65,3,68.88,3,48.2,44.8,2.59,0.73,23.92,0.4,23.25,0.82,9,10,10,238.47,4.0,1,Static TL
900.0,1200.0,339.0, CMB_to_KBJ_001_2,339.0,1391.25,352,150.0,150.0,10.0,3,100.0,3,56.5,56.5,4.64,1.17,43.7,0.34,34.24,1.32,11,11,11,385.08,7.0,1,Static TL
1200.0,1500.0,150.0, CMB_to_KBJ_001_2,150.0,628.57,168,146.0,146.0,10.0,2,77.32,2,75.0,75.0,2.1,0.56,21.71,0.99,11.41,0.69,16,16,16,194.26,3.0,1,Static TL
1500.0,1800.0,459.0, CMB_to_KBJ_001_2,459.0,1562.15,470,146.0,146.0,10.0,3,85.33,3,76.5,76.5,5.21,1.57,46.34,0.49,20.81,1.78,24,21,24,514.75,7.0,1,Static TL
1800.0,2100.0,577.0, CMB_to_KBJ_001_2,472.0,1882.89,469,139.0,116.0,10.0,3,100.0,3,96.17,78.67,6.28,1.56,53.53,0.3,37.71,1.71,10,11,13,499.14,3.0,1,Static TL
2100.0,2400.0,528.0, CMB_to_KBJ_001_2,306.0,1456.7,304,140.0,140.0,10.0,2,100.0,2,132.0,76.5,4.86,1.01,43.21,1.08,11.95,1.27,26,27,28,357.83,2.0,1,Static TL
2400.0,2700.0,149.0, CMB_to_KBJ_001_2,149.0,984.29,174,75.0,75.0,10.0,2,100.0,3,21.29,21.29,3.28,0.58,33.15,0.88,14.28,0.75,13,14,14,210.98,8.0,1,Static TL
2700.0,3000.0,297.0, CMB_to_KBJ_001_2,297.0,1501.11,351,83.0,83.0,10.0,3,100.0,3,49.5,49.5,5.0,1.17,46.79,0.48,23.6,1.34,16,13,16,389.34,8.0,1,Static TL
3000.0,3300.0,641.0, CMB_to_KBJ_001_2,469.0,1649.6,489,141.0,125.0,10.0,3,99.14,3,58.27,42.64,5.5,1.63,46.58,0.47,23.15,1.9,20,22,23,548.1,9.0,1,Static TL
3300.0,3600.0,103.0, CMB_to_KBJ_001_2,103.0,913.59,102,103.0,103.0,10.0,1,100.0,2,103.0,103.0,3.05,0.34,34.79,2.54,4.62,0.56,25,26,26,142.09,1.0,1,Static TL
3600.0,3900.0,270.0, CMB_to_KBJ_001_2,270.0,1152.95,265,126.0,126.0,9.45,2,99.51,3,54.0,54.0,3.84,0.88,36.15,0.91,12.85,1.12,23,21,23,313.44,5.0,1,Static TL
3900.0,4200.0,494.0, CMB_to_KBJ_001_2,450.0,1703.21,447,125.0,102.0,10.0,3,100.0,3,98.8,90.0,5.68,1.49,44.16,0.45,25.95,1.65,16,16,18,480.04,3.0,1,Static TL
4200.0,4500.0,716.0, CMB_to_KBJ_001_2,570.0,1431.56,565,159.0,159.0,10.0,4,93.93,4,102.28,81.43,4.77,1.88,38.32,0.75,15.36,2.27,38,39,40,643.7,5.0,1,Static TL
4500.0,4800.0,0.0, CMB_to_KBJ_001_2,0.0,0.0,0,0.0,0.0,0.0,0,65.46,2,0.0,0.0,0.0,0.0,0.43,12.88,0.25,0.02,2,3,3,3.78,0.0,1,Static TL
4800.0,5100.0,0.0, CMB_to_KBJ_001_2,0.0,0.0,0,0.0,0.0,0.0,0,0.0,0,0.0,0.0,0.0,0.0,0.0,-1.0,-1.0,0.0,0,0,0,0.0,0.0,1,Static TL
5100.0,5313.0,0.0, CMB_to_KBJ_001_2,0.0,0.0,0,0.0,0.0,0.0,0,0.0,0,0.0,0.0,0.0,0.0,0.0,-1.0,-1.0,0.0,0,0,0,0.0,0.0,1,Static TL
0.0,300.0,57.0, CMB_to_KBJ_001_2,57.0,559.01,56,57.0,57.0,10.0,1,100.0,2,57.0,57.0,1.86,0.19,21.16,2.12,5.98,0.29,11,11,11,75.21,1.0,2,Static TL
300.0,600.0,44.0, CMB_to_KBJ_001_2,44.0,253.12,59,21.0,21.0,10.0,2,100.0,3,14.67,14.67,0.84,0.2,11.64,2.44,4.58,0.35,17,15,17,91.41,5.0,2,Static TL
600.0,900.0,362.0, CMB_to_KBJ_001_2,324.0,801.45,338,131.0,111.0,10.0,4,69.97,4,72.4,64.8,2.67,1.13,20.1,0.33,27.18,1.24,11,13,13,360.89,5.0,2,Static TL
900.0,1200.0,272.0, CMB_to_KBJ_001_2,272.0,1131.16,308,150.0,150.0,10.0,3,100.0,3,68.0,68.0,3.77,1.03,36.08,0.38,25.4,1.17,13,13,13,338.74,7.0,2,Static TL
1200.0,1500.0,176.0, CMB_to_KBJ_001_2,176.0,673.57,174,147.0,147.0,10.0,2,100.0,2,88.0,88.0,2.25,0.58,23.24,0.96,13.31,0.71,14,14,14,197.78,2.0,2,Static TL
1500.0,1800.0,341.0, CMB_to_KBJ_001_2,341.0,1808.71,337,145.0,145.0,10.0,2,100.0,2,85.25,85.25,6.03,1.12,53.21,0.65,17.91,1.3,20,19,20,373.31,5.0,2,Static TL
1800.0,2100.0,362.0, CMB_to_KBJ_001_2,308.0,1770.31,305,138.0,116.0,10.0,2,100.0,2,72.4,61.6,5.9,1.02,58.45,0.43,24.86,1.13,12,11,13,331.38,5.0,2,Static TL
2100.0,2400.0,533.0, CMB_to_KBJ_001_2,311.0,1458.67,307,139.0,139.0,10.0,2,100.0,3,88.83,51.83,4.86,1.02,43.35,0.99,12.53,1.27,25,26,27,360.54,4.0,2,Static TL
2400.0,2700.0,191.0, CMB_to_KBJ_001_2,191.0,891.22,222,75.0,75.0,10.0,3,100.0,3,63.67,63.67,2.97,0.74,30.04,0.79,16.17,0.89,14,15,15,255.04,4.0,2,Static TL
2700.0,3000.0,287.0, CMB_to_KBJ_001_2,287.0,1828.92,310,118.0,118.0,10.0,3,100.0,3,71.75,71.75,6.1,1.03,60.33,0.64,18.5,1.21,18,15,18,346.64,5.0,2,Static TL
3000.0,3300.0,636.0, CMB_to_KBJ_001_2,467.0,1675.67,488,136.0,125.0,10.0,3,81.55,3,63.6,46.7,5.59,1.63,47.22,0.5,22.92,1.88,20,21,23,543.66,9.0,2,Static TL
3300.0,3600.0,224.0, CMB_to_KBJ_001_2,223.0,1054.61,221,121.0,121.0,10.0,2,100.0,2,74.67,74.33,3.52,0.74,31.18,1.38,9.06,0.96,25,27,27,266.49,2.0,2,Static TL
3600.0,3900.0,392.0, CMB_to_KBJ_001_2,392.0,1395.14,409,126.0,126.0,10.0,3,83.12,3,65.33,65.33,4.65,1.36,38.59,0.63,18.54,1.62,24,22,24,464.02,7.0,2,Static TL
3900.0,4200.0,488.0, CMB_to_KBJ_001_2,420.0,1616.48,415,145.0,102.0,10.0,3,79.99,3,69.71,60.0,5.39,1.38,43.3,0.45,24.37,1.56,16,15,18,450.69,5.0,2,Static TL
4200.0,4500.0,696.0, CMB_to_KBJ_001_2,481.0,1572.47,478,133.0,133.0,10.0,3,96.83,3,116.0,80.17,5.24,1.59,43.08,0.84,14.37,1.92,33,36,36,544.62,3.0,2,Static TL
4500.0,4800.0,0.0, CMB_to_KBJ_001_2,0.0,0.0,0,0.0,0.0,0.0,0,74.75,1,0.0,0.0,0.0,0.0,0.39,15.36,0.08,0.01,2,2,2,2.36,0.0,2,Static TL
4800.0,5100.0,0.0, CMB_to_KBJ_001_2,0.0,0.0,0,0.0,0.0,0.0,0,0.0,0,0.0,0.0,0.0,0.0,0.0,-1.0,-1.0,0.0,0,0,0,0.0,0.0,2,Static TL
5100.0,5157.0,0.0, CMB_to_KBJ_001_2,0.0,0.0,0,0.0,0.0,0.0,0,0.0,0,0.0,0.0,0.0,0.0,0.0,-1.0,-1.0,0.0,0,0,0,0.0,0.0,2,Static TL
0.0,300.0,132.0, CMB_to_KBJ_001_2,132.0,521.57,148,64.0,64.0,10.0,3,100.0,3,44.0,44.0,1.74,0.49,15.49,1.01,11.89,0.63,14,14,14,177.21,7.0,3,Static TL
300.0,600.0,82.0, CMB_to_KBJ_001_2,82.0,375.3,96,38.0,38.0,10.0,3,100.0,3,20.5,20.5,1.25,0.32,14.75,1.92,6.3,0.49,18,15,18,128.65,5.0,3,Static TL
600.0,900.0,419.0, CMB_to_KBJ_001_2,342.0,1111.51,340,148.0,112.0,10.0,3,100.0,3,83.8,68.4,3.71,1.13,27.71,0.3,35.38,1.22,7,9,10,360.31,2.0,3,Static TL
900.0,1200.0,257.0, CMB_to_KBJ_001_2,257.0,1301.97,313,149.0,149.0,10.0,2,88.91,3,51.4,51.4,4.34,1.04,38.59,0.33,30.36,1.17,10,11,11,340.95,6.0,3,Static TL
1200.0,1500.0,204.0, CMB_to_KBJ_001_2,204.0,733.9,226,146.0,146.0,10.0,3,100.0,3,68.0,68.0,2.45,0.75,23.32,0.69,17.08,0.88,14,14,14,249.93,5.0,3,Static TL
1500.0,1800.0,524.0, CMB_to_KBJ_001_2,524.0,1779.0,518,146.0,146.0,10.0,3,100.0,3,87.33,87.33,5.93,1.73,48.13,0.39,27.09,1.91,20,17,20,555.34,8.0,3,Static TL
1800.0,2100.0,631.0, CMB_to_KBJ_001_2,483.0,1968.69,476,142.0,115.0,10.0,3,94.02,3,63.1,48.3,6.56,1.59,57.18,0.35,31.4,1.75,13,14,16,513.43,7.0,3,Static TL
2100.0,2400.0,630.0, CMB_to_KBJ_001_2,406.0,1495.29,438,140.0,140.0,10.0,3,100.0,3,105.0,67.67,4.98,1.46,41.71,0.69,18.23,1.73,24,26,26,495.26,5.0,3,Static TL
2400.0,2700.0,146.0, CMB_to_KBJ_001_2,146.0,1022.18,144,126.0,126.0,10.0,2,97.21,2,73.0,73.0,3.41,0.48,36.36,1.02,9.93,0.61,16,16,16,169.4,3.0,3,Static TL
2700.0,3000.0,330.0, CMB_to_KBJ_001_2,330.0,1638.14,351,118.0,118.0,10.0,3,100.0,3,55.0,55.0,5.46,1.17,51.44,0.54,21.01,1.35,18,15,18,391.18,8.0,3,Static TL
3000.0,3300.0,513.0, CMB_to_KBJ_001_2,399.0,1688.24,395,129.0,109.0,10.0,3,96.74,3,73.28,57.0,5.63,1.32,51.63,0.63,19.47,1.55,19,21,22,445.45,4.0,3,Static TL
3300.0,3600.0,224.0, CMB_to_KBJ_001_2,224.0,994.98,222,121.0,121.0,9.35,2,100.0,2,112.0,112.0,3.32,0.74,29.55,1.42,9.02,0.97,26,27,27,266.03,2.0,3,Static TL
3600.0,3900.0,300.0, CMB_to_KBJ_001_2,300.0,1298.58,292,126.0,126.0,9.1,2,100.0,3,37.5,37.5,4.33,0.97,38.49,0.75,16.04,1.18,20,18,20,336.55,8.0,3,Static TL
3900.0,4200.0,433.0, CMB_to_KBJ_001_2,393.0,1711.61,390,125.0,103.0,9.42,2,74.02,2,86.6,78.6,5.71,1.3,46.32,0.5,24.28,1.47,15,15,17,425.87,3.0,3,Static TL
4200.0,4500.0,511.0, CMB_to_KBJ_001_2,323.0,1231.73,321,133.0,133.0,9.4,2,100.0,2,127.75,80.75,4.11,1.07,41.26,1.26,9.35,1.39,36,37,38,385.02,3.0,3,Static TL
4500.0,4800.0,0.0, CMB_to_KBJ_001_2,0.0,0.0,0,0.0,0.0,0.0,0,100.0,1,0.0,0.0,0.0,0.0,0.47,13.39,0.24,0.02,2,3,3,3.47,0.0,3,Static TL
4800.0,5100.0,0.0, CMB_to_KBJ_001_2,0.0,0.0,0,0.0,0.0,0.0,0,0.0,0,0.0,0.0,0.0,0.0,0.0,-1.0,-1.0,0.0,0,0,0,0.0,0.0,3,Static TL
5100.0,5153.0,0.0, CMB_to_KBJ_001_2,0.0,0.0,0,0.0,0.0,0.0,0,0.0,0,0.0,0.0,0.0,0.0,0.0,-1.0,-1.0,0.0,0,0,0,0.0,0.0,3,Static TL
0.0,300.0,24.0, CMB_to_KBJ_001_3,24.0,58.65,23,24.0,24.0,2.55,1,25.5,1,24.0,24.0,0.2,0.08,2.49,1.29,4.77,0.12,6,6,6,31.19,1.0,1,Static TL
300.0,600.0,18.0, CMB_to_KBJ_001_3,18.0,49.49,16,17.0,17.0,3.15,1,91.36,2,9.0,9.0,0.16,0.05,2.98,1.54,6.2,0.1,4,4,4,27.22,3.0,1,Static TL
600.0,900.0,77.0, CMB_to_KBJ_001_3,77.0,290.09,74,49.0,49.0,10.0,2,96.57,2,25.67,25.67,0.97,0.25,9.82,0.79,11.12,0.33,8,8,8,93.43,3.0,1,Static TL
900.0,1200.0,110.0, CMB_to_KBJ_001_3,110.0,604.1,106,73.0,73.0,9.95,2,100.0,2,27.5,27.5,2.01,0.35,22.85,0.94,12.6,0.46,10,10,10,133.63,6.0,1,Static TL
1200.0,1500.0,40.0, CMB_to_KBJ_001_3,40.0,123.58,38,30.0,30.0,10.0,2,100.0,2,20.0,20.0,0.41,0.13,5.49,1.2,8.15,0.19,6,6,6,52.96,2.0,1,Static TL
1500.0,1800.0,230.0, CMB_to_KBJ_001_3,230.0,1126.69,226,109.0,109.0,10.0,2,100.0,2,57.5,57.5,3.76,0.75,35.85,0.62,16.53,0.89,15,14,15,257.59,6.0,1,Static TL
1800.0,2100.0,205.0, CMB_to_KBJ_001_3,172.0,1151.47,170,116.0,83.0,10.0,2,100.0,3,68.33,57.33,3.84,0.57,38.37,0.42,22.67,0.64,7,6,8,186.41,3.0,1,Static TL
2100.0,2400.0,315.0, CMB_to_KBJ_001_3,226.0,832.42,223,105.0,105.0,10.0,3,69.98,3,63.0,45.2,2.77,0.74,26.72,0.62,17.58,0.89,12,14,14,255.76,4.0,1,Static TL
2400.0,2700.0,96.0, CMB_to_KBJ_001_3,96.0,694.43,91,92.0,92.0,7.64,1,99.67,2,19.2,19.2,2.31,0.3,25.52,0.52,15.11,0.38,7,7,7,109.38,6.0,1,Static TL
2700.0,3000.0,166.0, CMB_to_KBJ_001_3,166.0,907.8,163,88.0,88.0,10.0,2,91.5,2,41.5,41.5,3.03,0.54,31.71,0.65,14.03,0.67,13,11,13,190.1,6.0,1,Static TL
3000.0,3300.0,278.0, CMB_to_KBJ_001_3,201.0,1377.18,199,116.0,77.0,10.0,2,100.0,2,69.5,50.25,4.59,0.66,44.43,0.64,18.03,0.79,10,12,12,225.05,3.0,1,Static TL
3300.0,3600.0,143.0, CMB_to_KBJ_001_3,143.0,518.09,141,81.0,81.0,7.22,2,62.0,3,71.5,71.5,1.73,0.47,17.2,0.68,15.93,0.59,10,10,10,165.86,3.0,1,Static TL
3600.0,3900.0,81.0, CMB_to_KBJ_001_3,81.0,732.66,79,74.0,74.0,10.0,1,100.0,2,40.5,40.5,2.44,0.26,27.44,1.6,6.81,0.4,14,12,14,106.02,2.0,1,Static TL
3900.0,4200.0,475.0, CMB_to_KBJ_001_3,468.0,1357.65,464,107.0,100.0,10.0,3,66.42,3,79.17,78.0,4.53,1.55,31.94,0.31,30.16,1.68,14,13,16,491.9,6.0,1,Static TL
4200.0,4500.0,493.0, CMB_to_KBJ_001_3,294.0,1195.7,292,132.0,132.0,10.0,3,100.0,3,98.6,58.8,3.99,0.97,35.83,0.91,10.99,1.2,26,29,29,337.44,3.0,1,Static TL
4500.0,4800.0,0.0, CMB_to_KBJ_001_3,0.0,0.0,0,0.0,0.0,0.0,0,23.73,1,0.0,0.0,0.0,0.0,0.08,15.11,0.0,0.01,1,1,1,1.01,0.0,1,Static TL
4800.0,5100.0,0.0, CMB_to_KBJ_001_3,0.0,0.0,0,0.0,0.0,0.0,0,0.0,0,0.0,0.0,0.0,0.0,0.0,-1.0,-1.0,0.0,0,0,0,0.0,0.0,1,Static TL
5100.0,5313.0,0.0, CMB_to_KBJ_001_3,0.0,0.0,0,0.0,0.0,0.0,0,0.0,0,0.0,0.0,0.0,0.0,0.0,-1.0,-1.0,0.0,0,0,0,0.0,0.0,1,Static TL
0.0,300.0,0.0, CMB_to_KBJ_001_3,0.0,0.0,0,0.0,0.0,0.0,0,25.5,1,0.0,0.0,0.0,0.0,0.29,7.67,0.87,0.03,4,4,4,6.26,2.0,2,Static TL
300.0,600.0,19.0, CMB_to_KBJ_001_3,19.0,58.27,17,17.0,17.0,8.92,1,100.0,2,9.5,9.5,0.19,0.06,3.19,1.89,3.96,0.1,6,6,6,26.85,2.0,2,Static TL
600.0,900.0,80.0, CMB_to_KBJ_001_3,80.0,354.77,77,50.0,50.0,9.66,2,92.59,2,26.67,26.67,1.18,0.26,11.61,0.65,12.94,0.33,7,7,7,94.21,3.0,2,Static TL
900.0,1200.0,106.0, CMB_to_KBJ_001_3,106.0,494.74,104,72.0,72.0,8.66,2,100.0,2,26.5,26.5,1.65,0.35,19.77,0.76,13.94,0.45,9,9,9,132.06,8.0,2,Static TL
1200.0,1500.0,78.0, CMB_to_KBJ_001_3,78.0,282.21,76,48.0,48.0,8.85,2,68.42,2,39.0,39.0,0.94,0.25,8.95,0.74,16.88,0.31,5,5,5,88.15,2.0,2,Static TL
1500.0,1800.0,172.0, CMB_to_KBJ_001_3,172.0,651.65,170,114.0,114.0,10.0,2,74.99,2,86.0,86.0,2.17,0.57,19.07,0.64,15.35,0.66,12,12,12,192.47,3.0,2,Static TL
1800.0,2100.0,66.0, CMB_to_KBJ_001_3,66.0,156.28,64,35.0,35.0,9.1,3,86.77,3,22.0,22.0,0.52,0.21,7.92,1.46,6.19,0.35,14,13,14,95.22,7.0,2,Static TL
2100.0,2400.0,332.0, CMB_to_KBJ_001_3,312.0,951.41,308,113.0,113.0,9.75,3,100.0,3,66.4,62.4,3.17,1.03,28.94,0.47,25.64,1.18,12,13,13,342.98,4.0,2,Static TL
2400.0,2700.0,110.0, CMB_to_KBJ_001_3,110.0,734.6,108,92.0,92.0,10.0,2,89.54,2,55.0,55.0,2.45,0.36,24.98,0.48,13.2,0.43,9,9,9,122.39,4.0,2,Static TL
2700.0,3000.0,39.0, CMB_to_KBJ_001_3,39.0,256.49,36,24.0,24.0,8.16,1,81.57,1,13.0,13.0,0.85,0.12,11.19,2.07,4.88,0.21,10,9,10,56.16,3.0,2,Static TL
3000.0,3300.0,164.0, CMB_to_KBJ_001_3,140.0,1266.89,138,86.0,77.0,10.0,1,100.0,2,54.67,46.67,4.22,0.46,45.57,0.78,15.24,0.56,9,10,10,159.89,2.0,2,Static TL
3300.0,3600.0,150.0, CMB_to_KBJ_001_3,150.0,706.33,148,80.0,80.0,9.66,2,76.56,2,75.0,75.0,2.35,0.49,21.52,0.75,18.02,0.59,9,9,9,170.37,2.0,2,Static TL
3600.0,3900.0,160.0, CMB_to_KBJ_001_3,160.0,781.45,158,84.0,84.0,10.0,2,93.33,2,80.0,80.0,2.6,0.53,24.09,1.16,9.55,0.7,19,18,19,195.55,3.0,2,Static TL
3900.0,4200.0,373.0, CMB_to_KBJ_001_3,373.0,1490.01,371,101.0,101.0,10.0,3,100.0,3,74.6,74.6,4.97,1.24,42.33,0.33,28.15,1.37,13,11,14,402.32,6.0,2,Static TL
4200.0,4500.0,558.0, CMB_to_KBJ_001_3,360.0,1210.15,357,138.0,138.0,10.0,3,79.98,3,93.0,60.0,4.03,1.19,37.85,0.8,13.1,1.46,27,30,30,413.52,4.0,2,Static TL
4500.0,4800.0,0.0, CMB_to_KBJ_001_3,0.0,0.0,0,0.0,0.0,0.0,0,15.42,1,0.0,0.0,0.0,0.0,0.05,16.11,0.03,0.01,1,1,1,0.78,0.0,2,Static TL
4800.0,5100.0,0.0, CMB_to_KBJ_001_3,0.0,0.0,0,0.0,0.0,0.0,0,0.0,0,0.0,0.0,0.0,0.0,0.0,-1.0,-1.0,0.0,0,0,0,0.0,0.0,2,Static TL
5100.0,5157.0,0.0, CMB_to_KBJ_001_3,0.0,0.0,0,0.0,0.0,0.0,0,0.0,0,0.0,0.0,0.0,0.0,0.0,-1.0,-1.0,0.0,0,0,0,0.0,0.0,2,Static TL
0.0,300.0,38.0, CMB_to_KBJ_001_3,38.0,360.0,36,37.0,37.0,10.0,1,100.0,1,19.0,19.0,1.2,0.12,13.48,0.73,14.18,0.15,3,3,3,44.48,2.0,3,Static TL
300.0,600.0,19.0, CMB_to_KBJ_001_3,19.0,52.63,17,18.0,18.0,3.21,1,70.28,2,9.5,9.5,0.18,0.06,2.56,1.08,7.68,0.09,3,3,3,24.69,3.0,3,Static TL
600.0,900.0,25.0, CMB_to_KBJ_001_3,25.0,206.17,33,25.0,25.0,8.39,1,99.43,1,25.0,25.0,0.69,0.11,9.02,1.56,6.36,0.18,7,7,7,49.2,3.0,3,Static TL
900.0,1200.0,34.0, CMB_to_KBJ_001_3,34.0,459.22,97,18.0,18.0,8.31,2,100.0,2,11.33,11.33,1.53,0.32,17.86,0.92,11.75,0.44,10,10,10,124.22,5.0,3,Static TL
1200.0,1500.0,70.0, CMB_to_KBJ_001_3,70.0,349.0,68,63.0,63.0,10.0,2,100.0,2,35.0,35.0,1.16,0.23,14.09,1.04,11.7,0.31,7,7,7,87.65,2.0,3,Static TL
1500.0,1800.0,306.0, CMB_to_KBJ_001_3,306.0,1420.84,302,129.0,129.0,10.0,2,74.99,2,61.2,61.2,4.74,1.01,39.55,0.47,24.93,1.14,13,11,13,333.8,6.0,3,Static TL
1800.0,2100.0,235.0, CMB_to_KBJ_001_3,168.0,837.31,171,118.0,83.0,10.0,2,100.0,2,58.75,42.0,2.79,0.57,24.0,0.6,15.92,0.68,10,11,12,198.35,5.0,3,Static TL
2100.0,2400.0,216.0, CMB_to_KBJ_001_3,213.0,990.27,211,105.0,105.0,9.66,2,100.0,2,72.0,71.0,3.3,0.7,29.11,0.72,17.52,0.83,12,13,13,237.91,2.0,3,Static TL
2400.0,2700.0,54.0, CMB_to_KBJ_001_3,54.0,225.52,52,33.0,33.0,8.86,2,68.55,2,27.0,27.0,0.75,0.17,7.71,1.36,7.28,0.25,9,9,9,71.36,3.0,3,Static TL
2700.0,3000.0,44.0, CMB_to_KBJ_001_3,44.0,309.56,40,27.0,27.0,9.16,1,91.57,2,11.0,11.0,1.03,0.13,12.96,2.05,4.47,0.23,12,11,12,61.1,5.0,3,Static TL
3000.0,3300.0,156.0, CMB_to_KBJ_001_3,129.0,916.94,188,89.0,67.0,10.0,2,100.0,2,78.0,64.5,3.06,0.63,30.62,0.59,16.72,0.73,11,12,12,208.69,4.0,3,Static TL
3300.0,3600.0,222.0, CMB_to_KBJ_001_3,222.0,712.01,219,86.0,86.0,10.0,3,71.92,3,74.0,74.0,2.37,0.73,19.85,0.54,21.49,0.85,11,11,11,244.41,4.0,3,Static TL
3600.0,3900.0,84.0, CMB_to_KBJ_001_3,84.0,752.66,81,76.0,76.0,10.0,1,100.0,3,28.0,28.0,2.51,0.27,28.88,1.92,5.07,0.44,20,18,20,115.53,4.0,3,Static TL
3900.0,4200.0,480.0, CMB_to_KBJ_001_3,473.0,1448.29,468,107.0,100.0,10.0,3,92.65,3,68.57,67.57,4.83,1.56,37.14,0.24,30.68,1.69,14,13,16,498.48,7.0,3,Static TL
4200.0,4500.0,477.0, CMB_to_KBJ_001_3,279.0,891.05,276,123.0,63.0,10.0,3,69.98,3,79.5,46.5,2.97,0.92,24.83,0.96,11.0,1.17,25,28,28,327.41,4.0,3,Static TL
4500.0,4800.0,0.0, CMB_to_KBJ_001_3,0.0,0.0,0,0.0,0.0,0.0,0,0.0,0,0.0,0.0,0.0,0.0,0.0,-1.0,-1.0,0.0,0,0,0,0.0,0.0,3,Static TL
4800.0,5100.0,0.0, CMB_to_KBJ_001_3,0.0,0.0,0,0.0,0.0,0.0,0,0.0,0,0.0,0.0,0.0,0.0,0.0,-1.0,-1.0,0.0,0,0,0,0.0,0.0,3,Static TL
5100.0,5153.0,0.0, CMB_to_KBJ_001_3,0.0,0.0,0,0.0,0.0,0.0,0,0.0,0,0.0,0.0,0.0,0.0,0.0,-1.0,-1.0,0.0,0,0,0,0.0,0.0,3,Static TL
0.0,300.0,0.0, CMB_to_KBJ_001_4,0.0,0.0,0,0.0,0.0,0.0,0,1.57,1,0.0,0.0,0.0,0.0,0.01,3.41,0.55,0.01,2,2,2,1.4,1.0,1,Static TL
300.0,600.0,0.0, CMB_to_KBJ_001_4,0.0,0.0,0,0.0,0.0,0.0,0,25.5,1,0.0,0.0,0.0,0.0,0.09,3.69,1.5,0.01,1,1,1,2.0,0.0,1,Static TL
600.0,900.0,87.0, CMB_to_KBJ_001_4,87.0,164.2,85,44.0,44.0,3.93,2,29.32,2,43.5,43.5,0.55,0.28,4.66,0.52,18.5,0.33,5,5,5,95.58,2.0,1,Static TL
900.0,1200.0,101.0, CMB_to_KBJ_001_4,101.0,624.56,100,101.0,101.0,6.25,1,62.5,1,101.0,101.0,2.08,0.33,21.4,0.11,52.33,0.36,2,2,2,105.49,1.0,1,Static TL
1200.0,1500.0,0.0, CMB_to_KBJ_001_4,0.0,0.0,0,0.0,0.0,0.0,0,62.5,1,0.0,0.0,0.0,0.0,0.77,4.07,1.82,0.03,3,3,3,7.35,0.0,1,Static TL
1500.0,1800.0,209.0, CMB_to_KBJ_001_4,209.0,679.01,206,116.0,116.0,9.89,3,78.72,3,69.67,69.67,2.26,0.69,20.81,0.23,36.61,0.75,6,6,6,222.68,3.0,1,Static TL
1800.0,2100.0,211.0, CMB_to_KBJ_001_4,211.0,619.37,205,64.0,64.0,10.0,3,69.98,3,35.17,35.17,2.06,0.68,18.12,0.39,24.96,0.79,9,6,9,230.0,6.0,1,Static TL
2100.0,2400.0,363.0, CMB_to_KBJ_001_4,292.0,999.49,289,113.0,113.0,10.0,3,69.98,3,60.5,48.67,3.33,0.96,28.92,0.27,33.97,1.06,6,9,9,310.79,3.0,1,Static TL
2400.0,2700.0,146.0, CMB_to_KBJ_001_4,146.0,426.95,143,64.0,64.0,10.0,3,69.98,3,48.67,48.67,1.42,0.48,12.12,0.47,26.36,0.56,6,6,6,163.16,3.0,1,Static TL
2700.0,3000.0,94.0, CMB_to_KBJ_001_4,94.0,265.5,90,59.0,59.0,7.13,3,51.23,3,23.5,23.5,0.88,0.3,9.4,0.52,17.36,0.37,6,5,6,107.77,4.0,1,Static TL
3000.0,3300.0,262.0, CMB_to_KBJ_001_4,203.0,819.09,200,119.0,70.0,8.98,2,69.76,2,65.5,50.75,2.73,0.67,24.05,0.23,35.28,0.73,5,6,6,214.48,4.0,1,Static TL
3300.0,3600.0,236.0, CMB_to_KBJ_001_4,236.0,727.47,232,86.0,86.0,10.0,3,69.98,3,59.0,59.0,2.42,0.77,18.37,0.27,40.88,0.85,6,6,6,249.32,4.0,1,Static TL
3600.0,3900.0,157.0, CMB_to_KBJ_001_4,157.0,513.74,154,55.0,55.0,10.0,3,69.98,3,52.33,52.33,1.71,0.51,14.4,0.68,19.02,0.62,9,8,9,178.64,3.0,1,Static TL
3900.0,4200.0,443.0, CMB_to_KBJ_001_4,443.0,1407.02,437,100.0,100.0,10.0,3,69.98,3,73.83,73.83,4.69,1.46,35.58,0.19,45.38,1.55,9,7,10,459.19,6.0,1,Static TL
4200.0,4500.0,562.0, CMB_to_KBJ_001_4,414.0,1083.17,411,136.0,136.0,10.0,3,69.98,3,93.67,69.0,3.61,1.37,26.42,0.25,35.75,1.48,9,12,12,435.74,3.0,1,Static TL
4500.0,4800.0,0.0, CMB_to_KBJ_001_4,0.0,0.0,0,0.0,0.0,0.0,0,0.0,0,0.0,0.0,0.0,0.0,0.0,-1.0,-1.0,0.0,0,0,0,0.0,0.0,1,Static TL
4800.0,5100.0,0.0, CMB_to_KBJ_001_4,0.0,0.0,0,0.0,0.0,0.0,0,0.0,0,0.0,0.0,0.0,0.0,0.0,-1.0,-1.0,0.0,0,0,0,0.0,0.0,1,Static TL
5100.0,5313.0,0.0, CMB_to_KBJ_001_4,0.0,0.0,0,0.0,0.0,0.0,0,0.0,0,0.0,0.0,0.0,0.0,0.0,-1.0,-1.0,0.0,0,0,0,0.0,0.0,1,Static TL
0.0,300.0,0.0, CMB_to_KBJ_001_4,0.0,0.0,0,0.0,0.0,0.0,0,2.3,1,0.0,0.0,0.0,0.0,0.01,2.14,1.41,0.01,1,1,1,1.61,1.0,2,Static TL
300.0,600.0,0.0, CMB_to_KBJ_001_4,0.0,0.0,0,0.0,0.0,0.0,0,42.0,1,0.0,0.0,0.0,0.0,0.14,6.17,0.77,0.01,2,2,2,2.49,0.0,2,Static TL
600.0,900.0,92.0, CMB_to_KBJ_001_4,92.0,223.06,90,47.0,47.0,5.01,2,40.0,2,46.0,46.0,0.74,0.3,6.44,0.41,24.22,0.34,4,4,4,99.65,2.0,2,Static TL
900.0,1200.0,168.0, CMB_to_KBJ_001_4,168.0,766.95,166,103.0,103.0,8.92,2,78.5,2,84.0,84.0,2.56,0.55,24.39,0.19,43.72,0.6,4,4,4,176.98,2.0,2,Static TL
1200.0,1500.0,63.0, CMB_to_KBJ_001_4,63.0,135.57,61,62.0,62.0,2.24,1,47.72,2,31.5,31.5,0.45,0.2,5.24,0.49,22.94,0.25,3,3,3,71.01,2.0,2,Static TL
1500.0,1800.0,139.0, CMB_to_KBJ_001_4,139.0,510.91,137,85.0,85.0,7.25,2,62.0,2,69.5,69.5,1.7,0.46,16.59,0.55,18.77,0.53,8,8,8,155.36,2.0,2,Static TL
1800.0,2100.0,133.0, CMB_to_KBJ_001_4,133.0,355.54,128,60.0,60.0,9.43,3,74.25,3,26.6,26.6,1.19,0.43,11.61,0.31,20.28,0.49,7,5,7,144.72,5.0,2,Static TL
2100.0,2400.0,308.0, CMB_to_KBJ_001_4,274.0,982.2,271,113.0,113.0,10.0,3,79.98,3,61.6,54.8,3.27,0.9,29.35,0.27,31.99,1.0,7,9,9,292.45,3.0,2,Static TL
2400.0,2700.0,149.0, CMB_to_KBJ_001_4,149.0,289.23,145,65.0,65.0,10.0,4,59.97,4,37.25,37.25,0.96,0.48,7.56,0.38,26.21,0.55,6,6,6,160.95,4.0,2,Static TL
2700.0,3000.0,56.0, CMB_to_KBJ_001_4,56.0,231.0,55,56.0,56.0,4.2,1,42.0,1,56.0,56.0,0.77,0.18,7.95,0.54,11.66,0.21,5,4,5,60.36,1.0,2,Static TL
3000.0,3300.0,248.0, CMB_to_KBJ_001_4,192.0,791.06,189,117.0,69.0,8.43,2,67.5,2,62.0,48.0,2.64,0.63,23.98,0.31,29.07,0.7,6,7,7,207.17,4.0,2,Static TL
3300.0,3600.0,225.0, CMB_to_KBJ_001_4,225.0,733.75,222,87.0,87.0,10.0,3,69.98,3,75.0,75.0,2.45,0.74,18.73,0.23,46.79,0.81,5,5,5,237.26,3.0,2,Static TL
3600.0,3900.0,149.0, CMB_to_KBJ_001_4,149.0,218.16,146,89.0,89.0,3.59,2,25.72,2,49.67,49.67,0.73,0.49,5.91,0.46,17.08,0.55,9,8,9,158.18,3.0,2,Static TL
3900.0,4200.0,467.0, CMB_to_KBJ_001_4,464.0,1360.2,459,104.0,101.0,10.0,4,69.97,4,77.83,77.33,4.53,1.53,36.24,0.2,43.24,1.63,10,9,11,481.27,5.0,2,Static TL
4200.0,4500.0,428.0, CMB_to_KBJ_001_4,306.0,1009.69,303,109.0,109.0,9.98,3,69.76,3,85.6,61.2,3.37,1.01,28.27,0.44,23.47,1.17,12,14,14,338.29,3.0,2,Static TL
4500.0,4800.0,0.0, CMB_to_KBJ_001_4,0.0,0.0,0,0.0,0.0,0.0,0,0.0,0,0.0,0.0,0.0,0.0,0.0,-1.0,-1.0,0.0,0,0,0,0.0,0.0,2,Static TL
4800.0,5100.0,0.0, CMB_to_KBJ_001_4,0.0,0.0,0,0.0,0.0,0.0,0,0.0,0,0.0,0.0,0.0,0.0,0.0,-1.0,-1.0,0.0,0,0,0,0.0,0.0,2,Static TL
5100.0,5157.0,0.0, CMB_to_KBJ_001_4,0.0,0.0,0,0.0,0.0,0.0,0,0.0,0,0.0,0.0,0.0,0.0,0.0,-1.0,-1.0,0.0,0,0,0,0.0,0.0,2,Static TL
0.0,300.0,0.0, CMB_to_KBJ_001_4,0.0,0.0,0,0.0,0.0,0.0,0,0.0,1,0.0,0.0,0.0,0.0,0.0,2.82,0.02,0.0,1,1,1,0.02,0.0,3,Static TL
300.0,600.0,0.0, CMB_to_KBJ_001_4,0.0,0.0,0,0.0,0.0,0.0,0,25.5,1,0.0,0.0,0.0,0.0,0.09,3.7,1.49,0.01,1,1,1,2.0,0.0,3,Static TL
600.0,900.0,78.0, CMB_to_KBJ_001_4,78.0,128.72,75,44.0,44.0,3.93,2,61.38,3,26.0,26.0,0.43,0.25,4.2,0.56,16.87,0.31,5,5,5,87.41,3.0,3,Static TL
900.0,1200.0,102.0, CMB_to_KBJ_001_4,102.0,57.79,101,102.0,102.0,0.57,1,42.0,1,102.0,102.0,0.19,0.34,2.26,0.23,26.44,0.37,4,4,4,107.32,1.0,3,Static TL
1200.0,1500.0,25.0, CMB_to_KBJ_001_4,25.0,16.13,24,25.0,25.0,0.68,1,32.22,2,25.0,25.0,0.05,0.08,0.92,0.89,10.02,0.11,3,3,3,31.85,1.0,3,Static TL
1500.0,1800.0,335.0, CMB_to_KBJ_001_4,335.0,1016.96,331,116.0,116.0,10.0,3,59.98,3,83.75,83.75,3.39,1.1,23.78,0.2,49.22,1.19,7,6,7,349.13,4.0,3,Static TL
1800.0,2100.0,208.0, CMB_to_KBJ_001_4,166.0,254.52,163,123.0,81.0,4.13,2,49.36,2,52.0,41.5,0.85,0.54,7.48,0.33,19.01,0.6,8,7,9,174.7,3.0,3,Static TL
2100.0,2400.0,313.0, CMB_to_KBJ_001_4,265.0,956.89,262,112.0,112.0,8.44,3,64.22,3,62.6,53.0,3.19,0.87,26.07,0.32,30.75,0.97,7,9,9,282.3,3.0,3,Static TL
2400.0,2700.0,81.0, CMB_to_KBJ_001_4,81.0,196.51,79,51.0,51.0,6.59,2,45.73,2,40.5,40.5,0.66,0.26,5.27,0.33,21.34,0.3,4,4,4,87.19,2.0,3,Static TL
2700.0,3000.0,81.0, CMB_to_KBJ_001_4,81.0,295.33,78,58.0,58.0,6.24,2,53.0,2,27.0,27.0,0.98,0.26,10.63,0.43,22.01,0.31,4,3,4,90.31,3.0,3,Static TL
3000.0,3300.0,271.0, CMB_to_KBJ_001_4,213.0,480.02,210,119.0,86.0,4.12,2,79.98,2,67.75,53.25,1.6,0.7,14.91,0.18,44.38,0.76,4,5,5,224.47,3.0,3,Static TL
3300.0,3600.0,295.0, CMB_to_KBJ_001_4,295.0,699.36,291,88.0,88.0,10.0,4,59.97,4,73.75,73.75,2.33,0.97,15.89,0.16,60.74,1.04,5,5,5,306.83,4.0,3,Static TL
3600.0,3900.0,195.0, CMB_to_KBJ_001_4,195.0,592.97,192,90.0,90.0,10.0,3,69.98,3,65.0,65.0,1.98,0.64,16.69,0.55,19.0,0.76,11,11,11,216.35,4.0,3,Static TL
3900.0,4200.0,360.0, CMB_to_KBJ_001_4,360.0,1181.41,355,100.0,100.0,9.43,3,73.0,3,72.0,72.0,3.94,1.18,33.07,0.29,34.01,1.29,11,9,11,380.99,5.0,3,Static TL
4200.0,4500.0,307.0, CMB_to_KBJ_001_4,193.0,831.94,190,99.0,71.0,8.86,2,78.5,3,61.4,38.6,2.77,0.63,26.84,0.6,16.13,0.76,11,13,13,217.49,3.0,3,Static TL
4500.0,4800.0,0.0, CMB_to_KBJ_001_4,0.0,0.0,0,0.0,0.0,0.0,0,0.0,0,0.0,0.0,0.0,0.0,0.0,-1.0,-1.0,0.0,0,0,0,0.0,0.0,3,Static TL
4800.0,5100.0,0.0, CMB_to_KBJ_001_4,0.0,0.0,0,0.0,0.0,0.0,0,0.0,0,0.0,0.0,0.0,0.0,0.0,-1.0,-1.0,0.0,0,0,0,0.0,0.0,3,Static TL
5100.0,5153.0,0.0, CMB_to_KBJ_001_4,0.0,0.0,0,0.0,0.0,0.0,0,0.0,0,0.0,0.0,0.0,0.0,0.0,-1.0,-1.0,0.0,0,0,0,0.0,0.0,3,Static TL
0.0,300.0,296.0, MRT_to_KB_001.37_2,296.0,950.24,293,123.0,123.0,10.0,3,67.77,3,98.67,98.67,3.17,0.98,26.64,1.8,5.94,1.37,53,53,53,363.12,4.0,1,Static TL
300.0,600.0,177.0, MRT_to_KB_001.37_2,177.0,824.3,174,91.0,91.0,9.6,2,100.0,2,59.0,59.0,2.75,0.58,28.34,2.91,3.71,0.99,52,52,52,244.84,4.0,1,Static TL
600.0,900.0,419.0, MRT_to_KB_001.37_2,419.0,1247.04,413,105.0,105.0,10.0,3,69.98,4,69.83,69.83,4.16,1.38,36.52,1.18,9.29,1.76,48,45,48,487.75,7.0,1,Static TL
900.0,1200.0,568.0, MRT_to_KB_001.37_2,436.0,1305.81,433,105.0,105.0,9.61,3,100.0,3,94.67,72.67,4.35,1.44,36.72,1.1,10.6,1.78,40,42,43,495.74,3.0,1,Static TL
1200.0,1500.0,281.0, MRT_to_KB_001.37_2,281.0,907.88,278,98.0,98.0,10.0,3,69.98,3,93.67,93.67,3.03,0.93,29.18,2.44,4.5,1.44,66,67,67,367.05,3.0,1,Static TL
1500.0,1800.0,380.0, MRT_to_KB_001.37_2,380.0,1256.41,375,124.0,124.0,10.0,3,72.56,3,76.0,76.0,4.19,1.25,32.82,1.34,8.62,1.62,46,44,46,439.18,5.0,1,Static TL
1800.0,2100.0,594.0, MRT_to_KB_001.37_2,552.0,1685.86,548,106.0,100.0,9.75,4,72.56,4,99.0,92.0,5.62,1.83,47.45,1.0,11.64,2.19,47,45,49,615.28,4.0,1,Static TL
2100.0,2400.0,737.0, MRT_to_KB_001.37_2,350.0,1051.53,347,121.0,97.0,10.0,4,67.43,4,105.28,50.0,3.51,1.16,30.61,2.07,5.28,1.69,67,71,71,441.12,3.0,1,Static TL
2400.0,2700.0,241.0, MRT_to_KB_001.37_2,241.0,803.39,238,88.0,88.0,10.0,3,69.98,3,80.33,80.33,2.68,0.79,25.75,2.53,4.4,1.23,58,58,58,311.86,3.0,1,Static TL
2700.0,3000.0,371.0, MRT_to_KB_001.37_2,371.0,1435.22,369,106.0,106.0,10.0,3,77.56,3,74.2,74.2,4.78,1.23,44.35,1.36,8.13,1.64,49,46,49,441.12,8.0,1,Static TL
3000.0,3300.0,678.0, MRT_to_KB_001.37_2,503.0,1676.63,503,124.0,110.0,10.0,3,73.0,3,96.86,71.86,5.59,1.68,43.41,1.02,11.34,2.06,44,46,47,574.31,6.0,1,Static TL
3300.0,3600.0,200.0, MRT_to_KB_001.37_2,200.0,858.95,199,100.0,100.0,9.71,2,66.56,2,100.0,100.0,2.86,0.66,30.82,3.45,2.82,1.28,80,80,81,304.64,4.0,1,Static TL
3600.0,3900.0,228.0, MRT_to_KB_001.37_2,228.0,1102.19,224,99.0,99.0,10.0,2,79.99,2,57.0,57.0,3.67,0.75,38.59,3.0,3.38,1.31,74,73,75,323.95,5.0,1,Static TL
3900.0,4200.0,509.0, MRT_to_KB_001.37_2,478.0,1583.28,474,119.0,104.0,10.0,4,69.05,4,84.83,79.67,5.28,1.58,44.08,1.48,7.75,2.05,62,60,64,555.34,4.0,1,Static TL
4200.0,4500.0,646.0, MRT_to_KB_001.37_2,375.0,1273.11,375,124.0,124.0,10.0,4,78.06,4,92.28,53.57,4.24,1.25,43.1,1.93,5.53,1.85,71,74,75,483.33,4.0,1,Static TL
4500.0,4800.0,0.0, MRT_to_KB_001.37_2,0.0,0.0,0,0.0,0.0,0.0,0,53.0,2,0.0,0.0,0.0,0.0,2.01,12.33,0.09,0.16,21,22,22,24.07,0.0,1,Static TL
4800.0,5100.0,0.0, MRT_to_KB_001.37_2,0.0,0.0,0,0.0,0.0,0.0,0,0.0,0,0.0,0.0,0.0,0.0,0.0,-1.0,-1.0,0.0,0,0,0,0.0,0.0,1,Static TL
5100.0,5313.0,0.0, MRT_to_KB_001.37_2,0.0,0.0,0,0.0,0.0,0.0,0,0.0,0,0.0,0.0,0.0,0.0,0.0,-1.0,-1.0,0.0,0,0,0,0.0,0.0,1,Static TL
0.0,300.0,310.0, MRT_to_KB_001.37_2,310.0,965.2,307,118.0,118.0,10.0,3,67.5,3,103.33,103.33,3.22,1.02,28.13,1.66,6.85,1.39,48,47,48,373.9,4.0,2,Static TL
300.0,600.0,172.0, MRT_to_KB_001.37_2,172.0,663.14,171,86.0,86.0,7.75,2,70.85,3,86.0,86.0,2.21,0.57,24.95,2.85,3.55,0.95,52,53,53,238.1,4.0,2,Static TL
600.0,900.0,335.0, MRT_to_KB_001.37_2,335.0,1151.82,335,92.0,92.0,10.0,3,69.98,3,67.0,67.0,3.84,1.12,35.46,1.4,7.92,1.51,47,45,47,414.82,9.0,2,Static TL
900.0,1200.0,470.0, MRT_to_KB_001.37_2,400.0,1383.17,396,112.0,112.0,10.0,3,67.5,3,78.33,66.67,4.61,1.32,35.19,1.05,10.76,1.64,37,38,39,453.38,4.0,2,Static TL
1200.0,1500.0,275.0, MRT_to_KB_001.37_2,275.0,901.21,272,94.0,94.0,10.0,3,69.98,3,91.67,91.67,3.0,0.91,29.37,2.59,4.13,1.44,70,70,71,361.26,3.0,2,Static TL
1500.0,1800.0,395.0, MRT_to_KB_001.37_2,395.0,1236.89,389,122.0,122.0,10.0,3,69.98,3,65.83,65.83,4.12,1.3,35.31,1.29,8.63,1.66,47,45,48,458.66,8.0,2,Static TL
1800.0,2100.0,504.0, MRT_to_KB_001.37_2,444.0,1752.75,443,107.0,101.0,10.0,3,75.95,3,100.8,88.8,5.84,1.48,49.57,1.15,9.68,1.84,45,46,48,506.81,4.0,2,Static TL
2100.0,2400.0,426.0, MRT_to_KB_001.37_2,231.0,1075.65,229,122.0,109.0,10.0,2,100.0,3,85.2,46.2,3.59,0.76,40.64,2.53,4.07,1.32,65,67,67,333.27,5.0,2,Static TL
2400.0,2700.0,163.0, MRT_to_KB_001.37_2,163.0,776.91,161,89.0,89.0,9.81,2,78.06,2,81.5,81.5,2.59,0.54,27.73,3.43,2.87,0.98,62,61,62,236.62,2.0,2,Static TL
2700.0,3000.0,406.0, MRT_to_KB_001.37_2,406.0,1446.49,403,113.0,113.0,10.0,3,74.43,3,81.2,81.2,4.82,1.34,41.2,1.25,9.1,1.71,46,45,47,471.69,6.0,2,Static TL
3000.0,3300.0,549.0, MRT_to_KB_001.37_2,437.0,1626.5,434,122.0,108.0,10.0,3,74.43,3,91.5,72.83,5.42,1.45,42.36,1.24,9.49,1.87,47,48,49,511.24,5.0,2,Static TL
3300.0,3600.0,328.0, MRT_to_KB_001.37_2,328.0,1079.35,327,125.0,125.0,10.0,3,100.0,3,109.33,109.33,3.6,1.09,39.37,2.39,4.56,1.71,78,79,79,436.42,5.0,2,Static TL
3600.0,3900.0,232.0, MRT_to_KB_001.37_2,232.0,1077.78,228,105.0,105.0,10.0,2,82.5,2,58.0,58.0,3.59,0.76,38.64,2.82,3.58,1.3,73,71,73,329.7,5.0,2,Static TL
3900.0,4200.0,402.0, MRT_to_KB_001.37_2,371.0,1715.0,368,117.0,102.0,9.59,2,75.93,2,80.4,74.2,5.72,1.23,50.66,1.76,6.48,1.67,58,58,60,445.15,3.0,2,Static TL
4200.0,4500.0,583.0, MRT_to_KB_001.37_2,416.0,1456.61,412,120.0,120.0,10.0,3,79.98,3,97.17,69.33,4.86,1.37,48.12,1.87,5.86,2.02,76,78,78,530.26,5.0,2,Static TL
4500.0,4800.0,0.0, MRT_to_KB_001.37_2,0.0,0.0,0,0.0,0.0,0.0,0,53.0,2,0.0,0.0,0.0,0.0,2.09,12.71,0.08,0.17,26,26,26,26.65,0.0,2,Static TL
4800.0,5100.0,0.0, MRT_to_KB_001.37_2,0.0,0.0,0,0.0,0.0,0.0,0,0.0,0,0.0,0.0,0.0,0.0,0.0,-1.0,-1.0,0.0,0,0,0,0.0,0.0,2,Static TL
5100.0,5157.0,0.0, MRT_to_KB_001.37_2,0.0,0.0,0,0.0,0.0,0.0,0,0.0,0,0.0,0.0,0.0,0.0,0.0,-1.0,-1.0,0.0,0,0,0,0.0,0.0,2,Static TL
0.0,300.0,286.0, MRT_to_KB_001.37_2,286.0,952.46,283,109.0,109.0,10.0,3,100.0,3,95.33,95.33,3.17,0.94,28.51,1.83,6.11,1.31,49,48,49,346.02,3.0,3,Static TL
300.0,600.0,220.0, MRT_to_KB_001.37_2,220.0,700.49,222,89.0,89.0,10.0,3,62.5,3,73.33,73.33,2.33,0.74,20.95,2.35,4.5,1.15,53,54,54,292.93,5.0,3,Static TL
600.0,900.0,353.0, MRT_to_KB_001.37_2,353.0,1199.33,349,92.0,92.0,10.0,3,100.0,3,70.6,70.6,4.0,1.16,38.35,1.38,8.41,1.54,45,43,45,419.97,6.0,3,Static TL
900.0,1200.0,453.0, MRT_to_KB_001.37_2,372.0,1344.13,369,104.0,104.0,10.0,3,79.99,3,90.6,74.4,4.48,1.23,35.85,1.3,8.9,1.58,42,44,44,432.8,3.0,3,Static TL
1200.0,1500.0,187.0, MRT_to_KB_001.37_2,187.0,909.41,184,95.0,95.0,10.0,2,79.99,2,62.33,62.33,3.03,0.61,32.25,3.19,3.09,1.1,66,65,66,267.05,4.0,3,Static TL
1500.0,1800.0,491.0, MRT_to_KB_001.37_2,491.0,1234.72,485,125.0,125.0,10.0,4,70.43,4,81.83,81.83,4.12,1.62,35.97,1.12,10.52,2.02,48,47,49,560.82,6.0,3,Static TL
1800.0,2100.0,405.0, MRT_to_KB_001.37_2,363.0,1639.72,361,106.0,100.0,9.18,2,71.42,2,101.25,90.75,5.47,1.2,47.99,1.28,9.0,1.53,40,40,42,419.49,2.0,3,Static TL
2100.0,2400.0,414.0, MRT_to_KB_001.37_2,216.0,1053.53,215,121.0,94.0,10.0,2,79.99,2,103.5,54.0,3.51,0.72,37.91,2.74,3.78,1.29,65,67,67,317.55,4.0,3,Static TL
2400.0,2700.0,364.0, MRT_to_KB_001.37_2,364.0,830.97,360,114.0,114.0,9.95,4,69.42,4,91.0,91.0,2.77,1.2,26.29,1.72,6.54,1.67,59,59,59,441.04,4.0,3,Static TL
2700.0,3000.0,395.0, MRT_to_KB_001.37_2,395.0,1457.57,391,102.0,102.0,10.0,3,79.99,3,79.0,79.0,4.86,1.3,42.63,1.24,8.92,1.7,47,45,47,462.61,6.0,3,Static TL
3000.0,3300.0,461.0, MRT_to_KB_001.37_2,342.0,1697.5,340,124.0,112.0,10.0,2,79.99,2,115.25,85.5,5.66,1.13,50.55,1.37,8.62,1.51,41,42,43,412.44,4.0,3,Static TL
3300.0,3600.0,410.0, MRT_to_KB_001.37_2,410.0,994.13,406,109.0,109.0,10.0,4,62.5,4,102.5,102.5,3.31,1.35,28.86,2.06,5.49,1.97,78,78,79,510.3,4.0,3,Static TL
3600.0,3900.0,337.0, MRT_to_KB_001.37_2,337.0,1086.62,332,101.0,101.0,10.0,3,69.98,3,48.14,48.14,3.62,1.11,35.16,2.26,4.75,1.7,77,75,78,442.7,9.0,3,Static TL
3900.0,4200.0,593.0, MRT_to_KB_001.37_2,547.0,1801.75,544,118.0,103.0,10.0,3,69.98,3,98.83,91.17,6.01,1.81,46.57,1.25,9.07,2.29,60,60,63,628.17,3.0,3,Static TL
4200.0,4500.0,577.0, MRT_to_KB_001.37_2,336.0,1405.22,334,121.0,121.0,10.0,3,71.56,3,115.4,67.2,4.68,1.11,44.24,2.13,5.2,1.69,68,70,71,437.99,3.0,3,Static TL
4500.0,4800.0,0.0, MRT_to_KB_001.37_2,0.0,0.0,0,0.0,0.0,0.0,0,53.0,2,0.0,0.0,0.0,0.0,2.55,11.29,0.17,0.19,26,27,27,30.72,0.0,3,Static TL
4800.0,5100.0,0.0, MRT_to_KB_001.37_2,0.0,0.0,0,0.0,0.0,0.0,0,0.0,0,0.0,0.0,0.0,0.0,0.0,-1.0,-1.0,0.0,0,0,0,0.0,0.0,3,Static TL
5100.0,5153.0,0.0, MRT_to_KB_001.37_2,0.0,0.0,0,0.0,0.0,0.0,0,0.0,0,0.0,0.0,0.0,0.0,0.0,-1.0,-1.0,0.0,0,0,0,0.0,0.0,3,Static TL
0.0,300.0,294.0, MRT_to_KB_001.37_3,294.0,966.93,291,105.0,105.0,10.0,3,66.23,3,73.5,73.5,3.22,0.97,22.94,1.17,8.81,1.21,35,35,35,336.36,6.0,1,Static TL
300.0,600.0,215.0, MRT_to_KB_001.37_3,215.0,689.87,213,84.0,84.0,9.48,3,74.47,3,71.67,71.67,2.3,0.71,21.42,1.53,7.38,0.97,32,32,32,265.68,5.0,1,Static TL
600.0,900.0,316.0, MRT_to_KB_001.37_3,316.0,1252.18,312,98.0,98.0,10.0,3,74.22,3,63.2,63.2,4.17,1.04,35.41,0.87,11.24,1.27,30,27,30,360.29,6.0,1,Static TL
900.0,1200.0,350.0, MRT_to_KB_001.37_3,281.0,1327.1,319,102.0,102.0,10.0,3,82.5,3,58.33,46.83,4.42,1.06,41.13,0.86,11.94,1.31,26,28,29,368.98,4.0,1,Static TL
1200.0,1500.0,184.0, MRT_to_KB_001.37_3,184.0,782.04,181,93.0,93.0,8.72,2,67.23,2,61.33,61.33,2.61,0.6,25.27,2.27,4.58,0.94,43,44,44,240.46,3.0,1,Static TL
1500.0,1800.0,365.0, MRT_to_KB_001.37_3,365.0,1262.87,360,116.0,116.0,10.0,3,79.98,3,73.0,73.0,4.21,1.2,38.92,0.92,12.08,1.48,32,30,32,414.88,6.0,1,Static TL
1800.0,2100.0,591.0, MRT_to_KB_001.37_3,550.0,1649.15,545,108.0,100.0,10.0,4,66.75,4,84.43,78.57,5.5,1.82,41.25,0.69,16.17,2.08,33,31,35,595.68,5.0,1,Static TL
2100.0,2400.0,697.0, MRT_to_KB_001.37_3,316.0,957.26,313,120.0,86.0,10.0,4,62.5,4,99.57,45.14,3.19,1.04,25.67,1.63,6.69,1.45,47,51,51,386.01,3.0,1,Static TL
2400.0,2700.0,160.0, MRT_to_KB_001.37_3,160.0,763.41,158,85.0,85.0,9.78,2,77.75,2,80.0,80.0,2.54,0.53,24.43,2.01,5.26,0.78,33,33,33,202.84,2.0,1,Static TL
2700.0,3000.0,418.0, MRT_to_KB_001.37_3,418.0,1488.46,409,107.0,107.0,10.0,4,79.99,4,46.44,46.44,4.96,1.36,43.66,0.92,11.05,1.67,40,36,40,472.52,10.0,1,Static TL
3000.0,3300.0,775.0, MRT_to_KB_001.37_3,563.0,1459.16,558,120.0,108.0,10.0,4,69.97,4,86.11,62.55,4.86,1.86,40.47,0.6,17.41,2.14,30,33,34,619.31,5.0,1,Static TL
3300.0,3600.0,299.0, MRT_to_KB_001.37_3,299.0,966.71,293,101.0,101.0,10.0,3,69.98,3,49.83,49.83,3.22,0.98,29.51,1.95,5.57,1.42,57,58,58,375.38,6.0,1,Static TL
3600.0,3900.0,244.0, MRT_to_KB_001.37_3,244.0,1007.41,238,95.0,95.0,10.0,4,75.76,4,40.67,40.67,3.36,0.79,32.99,2.15,4.88,1.23,55,51,55,317.94,6.0,1,Static TL
3900.0,4200.0,599.0, MRT_to_KB_001.37_3,544.0,1688.84,541,118.0,104.0,10.0,4,79.99,4,85.57,77.71,5.63,1.8,44.94,1.05,9.7,2.24,55,57,59,620.57,3.0,1,Static TL
4200.0,4500.0,563.0, MRT_to_KB_001.37_3,428.0,1473.34,420,120.0,120.0,10.0,3,79.99,3,56.3,42.8,4.91,1.4,44.01,1.4,8.08,1.91,56,57,58,520.67,8.0,1,Static TL
4500.0,4800.0,0.0, MRT_to_KB_001.37_3,0.0,0.0,0,0.0,0.0,0.0,0,62.5,2,0.0,0.0,0.0,0.0,1.22,12.7,0.1,0.08,11,12,12,12.69,0.0,1,Static TL
4800.0,5100.0,0.0, MRT_to_KB_001.37_3,0.0,0.0,0,0.0,0.0,0.0,0,0.0,0,0.0,0.0,0.0,0.0,0.0,-1.0,-1.0,0.0,0,0,0,0.0,0.0,1,Static TL
5100.0,5313.0,0.0, MRT_to_KB_001.37_3,0.0,0.0,0,0.0,0.0,0.0,0,0.0,0,0.0,0.0,0.0,0.0,0.0,-1.0,-1.0,0.0,0,0,0,0.0,0.0,1,Static TL
0.0,300.0,314.0, MRT_to_KB_001.37_3,314.0,1010.19,310,108.0,108.0,10.0,3,69.98,3,78.5,78.5,3.37,1.03,27.55,1.19,9.87,1.28,33,33,33,355.47,4.0,2,Static TL
300.0,600.0,217.0, MRT_to_KB_001.37_3,217.0,756.26,214,90.0,90.0,10.0,3,79.98,3,72.33,72.33,2.52,0.71,24.62,1.47,7.05,0.96,33,33,33,259.57,4.0,2,Static TL
600.0,900.0,284.0, MRT_to_KB_001.37_3,284.0,1198.93,278,96.0,96.0,10.0,3,74.99,3,47.33,47.33,4.0,0.93,33.95,1.15,8.64,1.19,35,32,35,329.7,9.0,2,Static TL
900.0,1200.0,633.0, MRT_to_KB_001.37_3,532.0,1386.13,524,105.0,105.0,10.0,4,77.99,4,57.55,48.36,4.62,1.75,33.19,0.61,18.04,2.05,28,30,31,584.93,8.0,2,Static TL
1200.0,1500.0,186.0, MRT_to_KB_001.37_3,186.0,851.17,183,93.0,93.0,10.0,2,72.75,3,62.0,62.0,2.84,0.61,27.43,2.3,4.52,0.93,43,44,44,238.47,3.0,2,Static TL
1500.0,1800.0,283.0, MRT_to_KB_001.37_3,283.0,1254.98,278,119.0,119.0,10.0,3,74.99,3,56.6,56.6,4.18,0.93,36.09,1.23,9.15,1.2,33,30,33,331.2,5.0,2,Static TL
1800.0,2100.0,594.0, MRT_to_KB_001.37_3,531.0,1749.33,527,106.0,96.0,10.0,3,62.5,3,84.86,75.86,5.83,1.76,39.75,0.75,14.43,2.05,35,35,38,580.37,4.0,2,Static TL
2100.0,2400.0,601.0, MRT_to_KB_001.37_3,318.0,937.93,321,117.0,88.0,10.0,3,69.98,3,85.86,45.43,3.13,1.07,29.33,1.61,6.84,1.5,49,52,52,403.24,6.0,2,Static TL
2400.0,2700.0,246.0, MRT_to_KB_001.37_3,246.0,730.64,243,93.0,93.0,9.82,3,68.22,3,82.0,82.0,2.44,0.81,21.13,1.45,7.91,1.07,33,33,33,291.77,3.0,2,Static TL
2700.0,3000.0,453.0, MRT_to_KB_001.37_3,453.0,1488.47,445,104.0,104.0,10.0,3,69.98,3,56.62,56.62,4.96,1.48,39.75,0.85,11.76,1.79,40,37,40,502.14,8.0,2,Static TL
3000.0,3300.0,656.0, MRT_to_KB_001.37_3,496.0,1632.39,493,120.0,105.0,10.0,3,69.98,3,109.33,82.67,5.44,1.64,42.4,0.68,16.12,1.9,29,31,32,543.07,3.0,2,Static TL
3300.0,3600.0,415.0, MRT_to_KB_001.37_3,415.0,1011.51,410,110.0,110.0,10.0,4,59.97,4,83.0,83.0,3.37,1.37,27.84,1.56,7.43,1.84,58,59,59,495.48,5.0,2,Static TL
3600.0,3900.0,339.0, MRT_to_KB_001.37_3,339.0,948.83,334,100.0,100.0,10.0,3,68.93,3,48.43,48.43,3.16,1.11,30.45,1.69,6.3,1.54,58,55,58,415.91,8.0,2,Static TL
3900.0,4200.0,463.0, MRT_to_KB_001.37_3,442.0,1721.95,537,113.0,103.0,10.0,3,75.12,3,57.88,55.25,5.74,1.79,42.54,0.87,12.84,2.13,41,41,44,603.78,7.0,2,Static TL
4200.0,4500.0,687.0, MRT_to_KB_001.37_3,453.0,1454.59,447,119.0,119.0,10.0,3,69.98,3,76.33,50.33,4.85,1.49,41.62,1.37,7.74,1.99,60,62,63,541.05,6.0,2,Static TL
4500.0,4800.0,0.0, MRT_to_KB_001.37_3,0.0,0.0,0,0.0,0.0,0.0,0,46.33,2,0.0,0.0,0.0,0.0,1.33,12.07,0.13,0.1,14,15,15,15.76,0.0,2,Static TL
4800.0,5100.0,0.0, MRT_to_KB_001.37_3,0.0,0.0,0,0.0,0.0,0.0,0,0.0,0,0.0,0.0,0.0,0.0,0.0,-1.0,-1.0,0.0,0,0,0,0.0,0.0,2,Static TL
5100.0,5157.0,0.0, MRT_to_KB_001.37_3,0.0,0.0,0,0.0,0.0,0.0,0,0.0,0,0.0,0.0,0.0,0.0,0.0,-1.0,-1.0,0.0,0,0,0,0.0,0.0,2,Static TL
0.0,300.0,273.0, MRT_to_KB_001.37_3,273.0,840.25,270,104.0,104.0,10.0,3,64.98,3,91.0,91.0,2.8,0.9,22.35,1.19,9.31,1.14,31,31,31,316.27,4.0,3,Static TL
300.0,600.0,217.0, MRT_to_KB_001.37_3,217.0,676.82,214,85.0,85.0,10.0,3,69.98,3,72.33,72.33,2.26,0.71,19.49,1.42,7.27,0.94,32,32,32,258.44,4.0,3,Static TL
600.0,900.0,317.0, MRT_to_KB_001.37_3,317.0,1216.15,313,92.0,92.0,10.0,4,79.99,4,52.83,52.83,4.05,1.04,36.36,0.89,11.27,1.27,30,26,30,360.74,7.0,3,Static TL
900.0,1200.0,500.0, MRT_to_KB_001.37_3,363.0,1345.02,361,103.0,103.0,10.0,4,79.99,4,71.43,51.86,4.48,1.2,39.31,0.78,13.03,1.46,26,29,30,414.4,4.0,3,Static TL
1200.0,1500.0,279.0, MRT_to_KB_001.37_3,279.0,916.84,274,94.0,94.0,10.0,3,69.98,3,55.8,55.8,3.06,0.91,25.7,1.63,6.48,1.25,45,46,46,336.7,5.0,3,Static TL
1500.0,1800.0,273.0, MRT_to_KB_001.37_3,273.0,1107.12,267,121.0,121.0,10.0,3,66.73,3,45.5,45.5,3.69,0.89,30.9,1.16,8.72,1.14,33,30,33,314.63,6.0,3,Static TL
1800.0,2100.0,580.0, MRT_to_KB_001.37_3,538.0,1770.67,533,101.0,99.0,10.0,3,69.98,3,72.5,67.25,5.9,1.78,45.28,0.68,15.92,2.05,32,32,35,586.1,5.0,3,Static TL
2100.0,2400.0,688.0, MRT_to_KB_001.37_3,405.0,1052.25,402,120.0,91.0,10.0,4,69.98,4,98.28,57.86,3.51,1.34,31.21,1.35,8.42,1.78,49,52,52,485.5,5.0,3,Static TL
2400.0,2700.0,253.0, MRT_to_KB_001.37_3,253.0,827.26,250,93.0,93.0,10.0,3,69.98,3,84.33,84.33,2.76,0.83,23.25,1.49,7.64,1.1,35,35,35,299.86,3.0,3,Static TL
2700.0,3000.0,417.0, MRT_to_KB_001.37_3,417.0,1382.06,412,88.0,88.0,10.0,3,79.98,3,59.57,59.57,4.61,1.37,40.59,0.91,11.33,1.69,39,36,39,473.29,8.0,3,Static TL
3000.0,3300.0,668.0, MRT_to_KB_001.37_3,504.0,1656.17,499,120.0,108.0,10.0,3,79.98,3,83.5,63.0,5.52,1.66,47.25,0.71,15.49,1.96,31,33,34,555.24,5.0,3,Static TL
3300.0,3600.0,304.0, MRT_to_KB_001.37_3,304.0,985.62,299,102.0,102.0,10.0,3,69.98,3,60.8,60.8,3.29,1.0,30.12,1.97,5.71,1.43,56,57,57,377.84,5.0,3,Static TL
3600.0,3900.0,343.0, MRT_to_KB_001.37_3,343.0,1017.66,335,96.0,96.0,9.63,4,76.23,4,42.88,42.88,3.39,1.12,33.12,1.58,6.62,1.55,56,52,56,417.4,8.0,3,Static TL
3900.0,4200.0,702.0, MRT_to_KB_001.37_3,644.0,1740.54,641,118.0,104.0,10.0,4,69.98,4,100.28,92.0,5.8,2.14,45.49,0.86,12.74,2.51,48,49,52,707.03,3.0,3,Static TL
4200.0,4500.0,574.0, MRT_to_KB_001.37_3,337.0,1365.47,333,118.0,118.0,10.0,3,78.5,3,82.0,48.14,4.55,1.11,45.52,1.74,6.27,1.56,55,58,58,415.89,4.0,3,Static TL
4500.0,4800.0,0.0, MRT_to_KB_001.37_3,0.0,0.0,0,0.0,0.0,0.0,0,53.0,2,0.0,0.0,0.0,0.0,1.42,12.47,0.14,0.11,17,17,17,18.19,0.0,3,Static TL
4800.0,5100.0,0.0, MRT_to_KB_001.37_3,0.0,0.0,0,0.0,0.0,0.0,0,0.0,0,0.0,0.0,0.0,0.0,0.0,-1.0,-1.0,0.0,0,0,0,0.0,0.0,3,Static TL
5100.0,5153.0,0.0, MRT_to_KB_001.37_3,0.0,0.0,0,0.0,0.0,0.0,0,0.0,0,0.0,0.0,0.0,0.0,0.0,-1.0,-1.0,0.0,0,0,0,0.0,0.0,3,Static TL
0.0,300.0,116.0, MRT_to_KB_001.37_4,116.0,735.09,205,109.0,109.0,10.0,3,66.68,3,58.0,58.0,2.45,0.68,22.76,0.56,16.72,0.79,13,13,13,226.57,4.0,1,Static TL
300.0,600.0,226.0, MRT_to_KB_001.37_4,226.0,743.36,222,86.0,86.0,10.0,3,59.98,3,56.5,56.5,2.48,0.74,18.08,0.55,18.27,0.86,13,13,13,247.76,4.0,1,Static TL
600.0,900.0,323.0, MRT_to_KB_001.37_4,323.0,1222.98,316,99.0,99.0,10.0,4,74.99,4,40.38,40.38,4.08,1.05,34.23,0.55,18.81,1.22,18,14,18,352.67,9.0,1,Static TL
900.0,1200.0,599.0, MRT_to_KB_001.37_4,463.0,1360.52,458,103.0,103.0,10.0,4,69.98,4,59.9,46.3,4.54,1.53,35.83,0.46,19.75,1.76,21,24,25,509.81,7.0,1,Static TL
1200.0,1500.0,291.0, MRT_to_KB_001.37_4,291.0,763.11,287,97.0,97.0,8.45,3,62.3,3,72.75,72.75,2.54,0.96,21.44,0.7,15.3,1.13,19,20,20,322.06,4.0,1,Static TL
1500.0,1800.0,396.0, MRT_to_KB_001.37_4,396.0,1297.48,391,119.0,119.0,10.0,3,79.98,3,44.0,44.0,4.32,1.3,38.32,0.56,19.17,1.53,22,19,22,439.08,10.0,1,Static TL
1800.0,2100.0,593.0, MRT_to_KB_001.37_4,539.0,1767.27,533,109.0,97.0,10.0,3,69.98,3,59.3,53.9,5.89,1.78,41.79,0.39,23.24,1.97,21,21,24,573.84,8.0,1,Static TL
2100.0,2400.0,565.0, MRT_to_KB_001.37_4,285.0,897.21,279,118.0,80.0,10.0,3,71.61,3,56.5,28.5,2.99,0.93,23.77,0.95,11.03,1.22,26,29,29,343.31,8.0,1,Static TL
2400.0,2700.0,332.0, MRT_to_KB_001.37_4,332.0,793.7,329,94.0,94.0,10.0,4,60.51,4,41.5,41.5,2.65,1.1,18.86,0.45,25.06,1.25,14,14,14,362.76,9.0,1,Static TL
2700.0,3000.0,478.0, MRT_to_KB_001.37_4,478.0,1565.56,472,109.0,109.0,10.0,3,69.98,3,59.75,59.75,5.22,1.57,40.86,0.47,20.03,1.78,25,22,25,518.65,9.0,1,Static TL
3000.0,3300.0,679.0, MRT_to_KB_001.37_4,507.0,1642.01,498,120.0,103.0,10.0,3,69.98,3,48.5,36.21,5.47,1.66,42.27,0.35,23.26,1.89,20,21,23,549.04,13.0,1,Static TL
3300.0,3600.0,309.0, MRT_to_KB_001.37_4,307.0,986.87,306,106.0,106.0,9.75,3,77.43,3,51.5,51.17,3.29,1.02,31.55,1.24,8.88,1.33,36,38,38,371.13,6.0,1,Static TL
3600.0,3900.0,305.0, MRT_to_KB_001.37_4,305.0,1025.76,296,95.0,95.0,10.0,3,79.99,3,33.89,33.89,3.42,0.99,29.99,1.25,8.66,1.3,38,36,38,361.65,9.0,1,Static TL
3900.0,4200.0,429.0, MRT_to_KB_001.37_4,405.0,1768.98,441,117.0,106.0,10.0,3,79.99,3,53.62,50.62,5.9,1.47,50.61,0.64,14.23,1.77,32,31,34,507.75,13.0,1,Static TL
4200.0,4500.0,548.0, MRT_to_KB_001.37_4,354.0,1518.87,342,118.0,118.0,10.0,3,79.99,3,32.23,20.82,5.06,1.14,45.81,0.9,10.91,1.51,33,36,36,420.88,17.0,1,Static TL
4500.0,4800.0,0.0, MRT_to_KB_001.37_4,0.0,0.0,0,0.0,0.0,0.0,0,53.0,2,0.0,0.0,0.0,0.0,0.65,9.87,0.42,0.05,6,6,6,8.13,0.0,1,Static TL
4800.0,5100.0,0.0, MRT_to_KB_001.37_4,0.0,0.0,0,0.0,0.0,0.0,0,0.0,0,0.0,0.0,0.0,0.0,0.0,-1.0,-1.0,0.0,0,0,0,0.0,0.0,1,Static TL
5100.0,5313.0,0.0, MRT_to_KB_001.37_4,0.0,0.0,0,0.0,0.0,0.0,0,0.0,0,0.0,0.0,0.0,0.0,0.0,-1.0,-1.0,0.0,0,0,0,0.0,0.0,1,Static TL
0.0,300.0,276.0, MRT_to_KB_001.37_4,276.0,894.99,264,103.0,103.0,10.0,3,79.98,3,23.0,23.0,2.98,0.88,27.68,0.51,22.71,1.05,13,13,13,306.38,12.0,2,Static TL
300.0,600.0,216.0, MRT_to_KB_001.37_4,216.0,723.33,312,81.0,81.0,10.0,4,69.97,4,54.0,54.0,2.41,1.04,19.03,0.44,23.35,1.16,14,14,14,337.55,6.0,2,Static TL
600.0,900.0,274.0, MRT_to_KB_001.37_4,274.0,1179.1,360,89.0,89.0,10.0,3,69.05,3,34.25,34.25,3.93,1.2,28.52,0.42,21.49,1.37,18,15,18,398.83,9.0,2,Static TL
900.0,1200.0,541.0, MRT_to_KB_001.37_4,444.0,1400.65,432,104.0,104.0,10.0,3,70.84,3,36.07,29.6,4.67,1.44,37.81,0.4,24.77,1.66,16,18,19,485.08,13.0,2,Static TL
1200.0,1500.0,190.0, MRT_to_KB_001.37_4,190.0,920.48,279,94.0,94.0,10.0,3,69.98,3,31.67,31.67,3.07,0.93,25.1,0.57,19.0,1.1,15,16,16,317.0,8.0,2,Static TL
1500.0,1800.0,268.0, MRT_to_KB_001.37_4,268.0,1273.61,263,114.0,114.0,10.0,2,79.99,2,53.6,53.6,4.25,0.88,37.23,0.73,15.68,1.03,18,16,18,297.69,5.0,2,Static TL
1800.0,2100.0,489.0, MRT_to_KB_001.37_4,449.0,1767.09,446,107.0,96.0,10.0,3,74.99,3,97.8,89.8,5.89,1.49,42.85,0.49,21.04,1.65,20,19,22,480.33,3.0,2,Static TL
2100.0,2400.0,615.0, MRT_to_KB_001.37_4,334.0,1072.09,328,122.0,92.0,10.0,3,70.1,3,68.33,37.11,3.57,1.09,28.71,0.94,10.26,1.38,32,35,35,385.89,6.0,2,Static TL
2400.0,2700.0,324.0, MRT_to_KB_001.37_4,324.0,783.77,318,88.0,88.0,10.0,4,62.5,4,54.0,54.0,2.61,1.06,18.04,0.42,27.9,1.19,12,12,12,345.6,6.0,2,Static TL
2700.0,3000.0,450.0, MRT_to_KB_001.37_4,450.0,1403.9,440,99.0,99.0,10.0,3,76.4,3,45.0,45.0,4.68,1.47,35.69,0.56,18.82,1.7,25,22,25,490.21,10.0,2,Static TL
3000.0,3300.0,562.0, MRT_to_KB_001.37_4,392.0,1371.73,388,121.0,99.0,9.46,3,74.55,3,62.44,43.55,4.57,1.29,38.73,0.42,22.06,1.48,16,17,19,432.26,7.0,2,Static TL
3300.0,3600.0,313.0, MRT_to_KB_001.37_4,313.0,1016.82,308,106.0,106.0,10.0,3,64.98,3,62.6,62.6,3.39,1.03,27.89,1.1,9.96,1.33,32,34,34,368.49,5.0,2,Static TL
3600.0,3900.0,321.0, MRT_to_KB_001.37_4,321.0,1059.81,318,114.0,114.0,10.0,3,69.98,3,53.5,53.5,3.53,1.06,32.52,1.27,8.51,1.42,42,41,42,392.77,9.0,2,Static TL
3900.0,4200.0,272.0, MRT_to_KB_001.37_4,263.0,1416.74,258,112.0,103.0,10.0,2,79.99,3,45.33,43.83,4.72,0.86,46.52,1.12,9.76,1.09,28,27,29,307.59,5.0,2,Static TL
4200.0,4500.0,468.0, MRT_to_KB_001.37_4,315.0,1447.5,306,119.0,119.0,10.0,2,79.99,3,39.0,26.25,4.82,1.02,44.41,1.07,9.82,1.38,34,36,36,383.12,11.0,2,Static TL
4500.0,4800.0,0.0, MRT_to_KB_001.37_4,0.0,0.0,0,0.0,0.0,0.0,0,54.6,2,0.0,0.0,0.0,0.0,0.91,9.07,0.53,0.05,6,6,6,9.44,0.0,2,Static TL
4800.0,5100.0,0.0, MRT_to_KB_001.37_4,0.0,0.0,0,0.0,0.0,0.0,0,0.0,0,0.0,0.0,0.0,0.0,0.0,-1.0,-1.0,0.0,0,0,0,0.0,0.0,2,Static TL
5100.0,5157.0,0.0, MRT_to_KB_001.37_4,0.0,0.0,0,0.0,0.0,0.0,0,0.0,0,0.0,0.0,0.0,0.0,0.0,-1.0,-1.0,0.0,0,0,0,0.0,0.0,2,Static TL
0.0,300.0,193.0, MRT_to_KB_001.37_4,193.0,720.39,187,97.0,97.0,10.0,3,67.5,3,32.17,32.17,2.4,0.62,23.4,0.79,13.76,0.77,15,15,15,218.49,6.0,3,Static TL
300.0,600.0,264.0, MRT_to_KB_001.37_4,264.0,632.58,258,87.0,87.0,10.0,4,69.97,4,44.0,44.0,2.11,0.86,17.72,0.65,15.46,1.02,18,18,18,292.45,6.0,3,Static TL
600.0,900.0,299.0, MRT_to_KB_001.37_4,299.0,1240.96,384,100.0,100.0,10.0,3,69.98,3,49.83,49.83,4.14,1.28,32.49,0.43,19.48,1.46,21,18,21,422.07,9.0,3,Static TL
900.0,1200.0,538.0, MRT_to_KB_001.37_4,426.0,1358.1,417,102.0,102.0,10.0,3,77.43,3,44.83,35.5,4.53,1.39,39.06,0.4,26.6,1.6,14,17,17,466.01,9.0,3,Static TL
1200.0,1500.0,194.0, MRT_to_KB_001.37_4,194.0,765.8,189,97.0,97.0,8.2,2,75.83,2,38.8,38.8,2.55,0.63,23.4,0.97,11.95,0.82,18,18,18,230.89,5.0,3,Static TL
1500.0,1800.0,256.0, MRT_to_KB_001.37_4,256.0,1181.22,476,116.0,116.0,10.0,4,59.97,4,64.0,64.0,3.94,1.59,27.44,0.46,21.65,1.78,23,20,23,515.51,7.0,3,Static TL
1800.0,2100.0,561.0, MRT_to_KB_001.37_4,536.0,1750.89,527,99.0,93.0,10.0,3,69.98,3,51.0,48.73,5.84,1.76,42.01,0.45,24.15,1.96,20,20,23,574.36,9.0,3,Static TL
2100.0,2400.0,627.0, MRT_to_KB_001.37_4,353.0,1138.31,343,114.0,97.0,10.0,3,69.98,3,48.23,27.15,3.79,1.14,32.84,0.87,12.02,1.45,29,32,32,410.8,10.0,3,Static TL
2400.0,2700.0,174.0, MRT_to_KB_001.37_4,174.0,799.98,171,91.0,91.0,9.46,2,69.56,2,58.0,58.0,2.67,0.57,23.02,0.83,13.48,0.71,14,14,14,201.23,3.0,3,Static TL
2700.0,3000.0,427.0, MRT_to_KB_001.37_4,427.0,1391.6,419,91.0,91.0,10.0,3,79.98,3,53.38,53.38,4.63,1.39,39.0,0.55,18.6,1.61,24,21,24,464.53,8.0,3,Static TL
3000.0,3300.0,672.0, MRT_to_KB_001.37_4,508.0,1656.36,500,117.0,106.0,10.0,3,75.44,3,61.09,46.18,5.52,1.67,42.86,0.38,25.34,1.87,18,18,21,546.89,9.0,3,Static TL
3300.0,3600.0,412.0, MRT_to_KB_001.37_4,408.0,904.08,402,107.0,107.0,9.2,4,62.5,4,41.2,40.8,3.01,1.34,26.95,1.03,11.34,1.69,36,39,39,477.6,8.0,3,Static TL
3600.0,3900.0,245.0, MRT_to_KB_001.37_4,245.0,980.51,235,96.0,96.0,10.0,3,69.98,3,24.5,24.5,3.27,0.78,31.79,1.55,6.87,1.13,40,37,40,309.35,12.0,3,Static TL
3900.0,4200.0,588.0, MRT_to_KB_001.37_4,543.0,1791.13,539,119.0,105.0,10.0,3,100.0,3,84.0,77.57,5.97,1.8,46.33,0.6,17.61,2.06,29,29,32,590.18,4.0,3,Static TL
4200.0,4500.0,808.0, MRT_to_KB_001.37_4,577.0,1501.13,565,117.0,117.0,10.0,4,69.42,4,53.87,38.47,5.0,1.88,37.07,0.65,16.07,2.24,35,37,38,641.0,12.0,3,Static TL
4500.0,4800.0,0.0, MRT_to_KB_001.37_4,0.0,0.0,0,0.0,0.0,0.0,0,42.0,1,0.0,0.0,0.0,0.0,0.58,10.61,0.28,0.04,4,5,5,6.34,0.0,3,Static TL
4800.0,5100.0,0.0, MRT_to_KB_001.37_4,0.0,0.0,0,0.0,0.0,0.0,0,0.0,0,0.0,0.0,0.0,0.0,0.0,-1.0,-1.0,0.0,0,0,0,0.0,0.0,3,Static TL
5100.0,5153.0,0.0, MRT_to_KB_001.37_4,0.0,0.0,0,0.0,0.0,0.0,0,0.0,0,0.0,0.0,0.0,0.0,0.0,-1.0,-1.0,0.0,0,0,0,0.0,0.0,3,Static TL
0.0,300.0,136.0, MRT_to_KB_001.37_5,136.0,602.03,144,64.0,64.0,9.14,2,71.36,2,34.0,34.0,2.01,0.48,18.73,0.92,12.77,0.63,13,13,13,177.71,6.0,1,Static TL
300.0,600.0,415.0, MRT_to_KB_001.37_5,415.0,1396.81,408,103.0,103.0,10.0,3,67.5,3,59.28,59.28,4.66,1.36,34.99,0.34,35.9,1.51,12,12,12,441.61,7.0,1,Static TL
600.0,900.0,279.0, MRT_to_KB_001.37_5,279.0,856.35,272,65.0,65.0,10.0,3,69.98,3,39.86,39.86,2.85,0.91,22.77,0.58,21.12,1.07,14,14,14,308.28,7.0,1,Static TL
900.0,1200.0,521.0, MRT_to_KB_001.37_5,521.0,1796.34,647,108.0,108.0,10.0,4,69.98,4,74.43,74.43,5.99,2.16,45.84,0.24,45.2,2.34,15,15,15,690.14,10.0,1,Static TL
1200.0,1500.0,101.0, MRT_to_KB_001.37_5,101.0,415.27,99,51.0,51.0,9.63,2,76.26,2,33.67,33.67,1.38,0.33,12.53,0.77,12.31,0.41,9,9,9,117.2,7.0,1,Static TL
1500.0,1800.0,126.0, MRT_to_KB_001.37_5,126.0,265.13,125,80.0,80.0,10.0,3,59.98,3,31.5,31.5,0.88,0.42,9.65,0.69,17.39,0.51,8,8,8,146.3,5.0,1,Static TL
1800.0,2100.0,468.0, MRT_to_KB_001.37_5,468.0,1581.69,499,86.0,86.0,10.0,3,69.98,3,58.5,58.5,5.27,1.66,40.86,0.37,27.79,1.86,19,16,19,542.77,11.0,1,Static TL
2100.0,2400.0,626.0, MRT_to_KB_001.37_5,473.0,1396.5,483,87.0,87.0,10.0,3,71.0,3,48.15,36.38,4.66,1.61,39.05,0.26,34.19,1.78,12,12,15,522.61,13.0,1,Static TL
2400.0,2700.0,529.0, MRT_to_KB_001.37_5,395.0,924.84,389,152.0,69.0,10.0,4,67.5,4,58.78,43.89,3.08,1.3,23.86,0.36,29.38,1.45,11,12,14,422.49,7.0,1,Static TL
2700.0,3000.0,222.0, MRT_to_KB_001.37_5,116.0,415.95,112,75.0,56.0,8.19,2,67.5,3,27.75,14.5,1.39,0.37,14.76,0.94,9.28,0.5,12,13,14,140.16,7.0,1,Static TL
3000.0,3300.0,589.0, MRT_to_KB_001.37_5,589.0,1933.21,687,109.0,109.0,10.0,4,69.98,4,65.44,65.44,6.44,2.29,49.83,0.32,34.56,2.53,20,20,21,742.17,14.0,1,Static TL
3300.0,3600.0,535.0, MRT_to_KB_001.37_5,535.0,1975.76,605,104.0,104.0,10.0,3,78.63,3,53.5,53.5,6.59,2.02,51.3,0.31,33.42,2.22,18,16,19,649.42,12.0,1,Static TL
3600.0,3900.0,756.0, MRT_to_KB_001.37_5,642.0,2064.69,635,96.0,96.0,10.0,3,69.98,3,75.6,64.2,6.88,2.12,53.47,0.44,26.0,2.4,23,26,26,698.81,8.0,1,Static TL
3900.0,4200.0,424.0, MRT_to_KB_001.37_5,424.0,1658.99,675,87.0,87.0,10.0,4,69.97,4,53.0,53.0,5.53,2.25,40.14,0.35,32.04,2.47,22,21,22,724.52,11.0,1,Static TL
4200.0,4500.0,262.0, MRT_to_KB_001.37_5,260.0,1048.37,252,97.0,97.0,10.0,4,73.15,4,23.82,23.64,3.49,0.84,36.77,0.73,16.04,1.06,17,17,18,304.67,12.0,1,Static TL
4500.0,4800.0,257.0, MRT_to_KB_001.37_5,248.0,780.6,246,95.0,86.0,9.87,3,68.63,3,85.67,82.67,2.6,0.82,19.54,0.21,51.29,0.89,4,5,5,260.37,2.0,1,Static TL
4800.0,5100.0,0.0, MRT_to_KB_001.37_5,0.0,0.0,0,0.0,0.0,0.0,0,0.0,0,0.0,0.0,0.0,0.0,0.0,-1.0,-1.0,0.0,0,0,0,0.0,0.0,1,Static TL
5100.0,5313.0,0.0, MRT_to_KB_001.37_5,0.0,0.0,0,0.0,0.0,0.0,0,0.0,0,0.0,0.0,0.0,0.0,0.0,-1.0,-1.0,0.0,0,0,0,0.0,0.0,1,Static TL
0.0,300.0,161.0, MRT_to_KB_001.37_5,161.0,656.54,168,60.0,60.0,9.87,2,78.64,2,32.2,32.2,2.19,0.56,21.44,0.83,14.45,0.71,13,12,13,200.03,6.0,2,Static TL
300.0,600.0,362.0, MRT_to_KB_001.37_5,326.0,994.91,319,107.0,107.0,8.34,3,63.34,3,45.25,40.75,3.32,1.06,30.73,0.39,28.29,1.2,11,12,12,349.71,7.0,2,Static TL
600.0,900.0,177.0, MRT_to_KB_001.37_5,177.0,1019.47,230,75.0,75.0,10.0,2,79.99,2,44.25,44.25,3.4,0.77,30.41,0.6,19.14,0.9,13,13,13,260.04,5.0,2,Static TL
900.0,1200.0,435.0, MRT_to_KB_001.37_5,435.0,1359.83,429,106.0,106.0,10.0,3,69.98,3,31.07,31.07,4.53,1.43,36.94,0.39,29.17,1.64,16,16,16,480.34,17.0,2,Static TL
1200.0,1500.0,101.0, MRT_to_KB_001.37_5,101.0,495.54,201,57.0,57.0,9.43,3,67.88,3,33.67,33.67,1.65,0.67,14.57,0.5,21.58,0.77,10,10,10,223.9,5.0,2,Static TL
1500.0,1800.0,202.0, MRT_to_KB_001.37_5,202.0,527.81,233,79.0,79.0,9.67,3,66.56,3,40.4,40.4,1.76,0.78,16.03,0.39,27.96,0.89,9,9,9,259.04,7.0,2,Static TL
1800.0,2100.0,375.0, MRT_to_KB_001.37_5,375.0,1188.39,366,68.0,68.0,10.0,4,69.93,4,41.67,41.67,3.96,1.22,37.04,0.39,26.07,1.38,15,11,15,402.06,9.0,2,Static TL
2100.0,2400.0,597.0, MRT_to_KB_001.37_5,419.0,1573.49,467,92.0,92.0,10.0,4,79.98,4,66.33,46.55,5.24,1.56,46.05,0.31,25.88,1.71,15,16,19,502.61,8.0,2,Static TL
2400.0,2700.0,537.0, MRT_to_KB_001.37_5,383.0,1278.75,379,152.0,77.0,10.0,3,71.36,3,76.71,54.71,4.26,1.26,34.8,0.36,30.74,1.4,10,11,13,410.49,5.0,2,Static TL
2700.0,3000.0,183.0, MRT_to_KB_001.37_5,69.0,498.72,106,83.0,49.0,9.81,2,78.04,2,30.5,11.5,1.66,0.35,15.61,0.89,10.74,0.44,9,11,11,126.51,5.0,2,Static TL
3000.0,3300.0,427.0, MRT_to_KB_001.37_5,427.0,1777.47,518,94.0,94.0,10.0,3,71.55,3,53.38,53.38,5.92,1.73,48.41,0.38,28.89,1.93,19,18,19,564.12,11.0,2,Static TL
3300.0,3600.0,559.0, MRT_to_KB_001.37_5,559.0,1891.85,546,94.0,94.0,10.0,3,70.63,3,43.0,43.0,6.31,1.82,51.57,0.37,32.46,2.04,17,16,18,600.16,13.0,2,Static TL
3600.0,3900.0,515.0, MRT_to_KB_001.37_5,429.0,2004.21,502,100.0,100.0,10.0,3,74.63,3,73.57,61.28,6.68,1.67,55.54,0.61,18.78,1.98,27,29,29,570.53,6.0,2,Static TL
3900.0,4200.0,650.0, MRT_to_KB_001.37_5,650.0,2096.43,723,90.0,90.0,10.0,4,69.98,4,65.0,65.0,6.99,2.41,52.87,0.3,37.68,2.62,20,17,20,770.72,11.0,2,Static TL
4200.0,4500.0,521.0, MRT_to_KB_001.37_5,370.0,1267.54,356,86.0,86.0,10.0,4,76.73,4,30.65,21.76,4.23,1.19,37.37,0.4,26.6,1.41,12,15,15,410.92,15.0,2,Static TL
4500.0,4800.0,238.0, MRT_to_KB_001.37_5,238.0,774.81,235,82.0,82.0,9.97,3,69.63,3,79.33,79.33,2.58,0.78,19.64,0.37,35.22,0.87,7,7,7,253.74,3.0,2,Static TL
4800.0,5100.0,0.0, MRT_to_KB_001.37_5,0.0,0.0,0,0.0,0.0,0.0,0,0.0,0,0.0,0.0,0.0,0.0,0.0,-1.0,-1.0,0.0,0,0,0,0.0,0.0,2,Static TL
5100.0,5157.0,0.0, MRT_to_KB_001.37_5,0.0,0.0,0,0.0,0.0,0.0,0,0.0,0,0.0,0.0,0.0,0.0,0.0,-1.0,-1.0,0.0,0,0,0,0.0,0.0,2,Static TL
0.0,300.0,193.0, MRT_to_KB_001.37_5,193.0,610.56,192,63.0,63.0,9.79,3,67.85,3,27.57,27.57,2.04,0.64,17.18,0.69,17.64,0.78,12,12,12,223.29,8.0,3,Static TL
300.0,600.0,264.0, MRT_to_KB_001.37_5,264.0,950.15,290,104.0,104.0,9.31,2,72.53,3,52.8,52.8,3.17,0.97,29.95,0.43,27.82,1.08,11,11,11,316.25,6.0,3,Static TL
600.0,900.0,207.0, MRT_to_KB_001.37_5,207.0,1024.86,234,67.0,67.0,10.0,4,100.0,4,23.0,23.0,3.42,0.78,33.75,0.73,16.41,0.97,16,14,16,277.87,10.0,3,Static TL
900.0,1200.0,543.0, MRT_to_KB_001.37_5,525.0,1581.9,555,104.0,104.0,10.0,3,69.98,3,54.3,52.5,5.27,1.85,40.87,0.29,36.56,2.03,14,16,16,597.27,10.0,3,Static TL
1200.0,1500.0,149.0, MRT_to_KB_001.37_5,149.0,623.91,144,53.0,53.0,7.21,2,62.5,2,29.8,29.8,2.08,0.48,21.61,0.64,17.83,0.58,9,9,9,168.33,7.0,3,Static TL
1500.0,1800.0,204.0, MRT_to_KB_001.37_5,204.0,1005.65,235,83.0,83.0,10.0,3,77.86,3,51.0,51.0,3.35,0.78,29.53,0.42,28.31,0.9,9,9,9,262.67,5.0,3,Static TL
1800.0,2100.0,395.0, MRT_to_KB_001.37_5,395.0,1162.19,390,70.0,70.0,10.0,4,79.99,4,39.5,39.5,3.87,1.3,32.5,0.43,24.74,1.49,17,13,17,434.53,12.0,3,Static TL
2100.0,2400.0,557.0, MRT_to_KB_001.37_5,349.0,1253.63,363,88.0,88.0,10.0,4,77.86,4,46.42,29.08,4.18,1.21,35.98,0.43,21.82,1.4,14,16,18,405.7,11.0,3,Static TL
2400.0,2700.0,441.0, MRT_to_KB_001.37_5,373.0,926.32,366,113.0,69.0,10.0,4,69.97,4,49.0,41.44,3.09,1.22,24.91,0.35,29.68,1.35,11,11,13,395.88,8.0,3,Static TL
2700.0,3000.0,220.0, MRT_to_KB_001.37_5,124.0,425.34,120,65.0,55.0,7.23,2,62.0,2,36.67,20.67,1.42,0.4,14.94,0.88,10.57,0.52,11,11,13,146.28,7.0,3,Static TL
3000.0,3300.0,682.0, MRT_to_KB_001.37_5,668.0,2065.06,661,101.0,101.0,10.0,3,71.06,3,68.2,66.8,6.88,2.2,51.89,0.29,36.55,2.42,17,18,19,709.35,10.0,3,Static TL
3300.0,3600.0,514.0, MRT_to_KB_001.37_5,514.0,1859.67,574,102.0,102.0,10.0,3,69.98,3,64.25,64.25,6.2,1.91,47.67,0.35,29.96,2.11,19,17,20,614.66,9.0,3,Static TL
3600.0,3900.0,651.0, MRT_to_KB_001.37_5,563.0,2094.97,556,96.0,96.0,10.0,3,73.35,3,65.1,56.3,6.98,1.85,57.7,0.49,24.98,2.13,21,24,24,621.26,7.0,3,Static TL
3900.0,4200.0,499.0, MRT_to_KB_001.37_5,499.0,2127.98,490,95.0,95.0,9.79,3,77.86,3,55.44,55.44,7.09,1.63,60.02,0.4,27.43,1.84,19,16,19,536.95,9.0,3,Static TL
4200.0,4500.0,522.0, MRT_to_KB_001.37_5,389.0,1494.19,387,98.0,98.0,10.0,3,67.38,3,65.25,48.62,4.98,1.29,43.85,0.41,25.8,1.46,13,16,16,426.52,7.0,3,Static TL
4500.0,4800.0,229.0, MRT_to_KB_001.37_5,229.0,730.48,226,81.0,81.0,10.0,3,69.98,3,76.33,76.33,2.43,0.75,19.14,0.38,34.37,0.85,7,7,7,247.39,3.0,3,Static TL
4800.0,5100.0,0.0, MRT_to_KB_001.37_5,0.0,0.0,0,0.0,0.0,0.0,0,0.0,0,0.0,0.0,0.0,0.0,0.0,-1.0,-1.0,0.0,0,0,0,0.0,0.0,3,Static TL
5100.0,5153.0,0.0, MRT_to_KB_001.37_5,0.0,0.0,0,0.0,0.0,0.0,0,0.0,0,0.0,0.0,0.0,0.0,0.0,-1.0,-1.0,0.0,0,0,0,0.0,0.0,3,Static TL
0.0,300.0,46.0, P_to_KBJ_1,46.0,160.84,44,25.0,25.0,7.21,2,62.0,2,23.0,23.0,0.54,0.15,5.49,0.95,9.74,0.19,5,3,5,52.26,2.0,1,Static TL
300.0,600.0,369.0, P_to_KBJ_1,323.0,1268.45,320,109.0,109.0,9.31,3,78.5,3,73.8,64.6,4.23,1.07,39.09,0.24,47.76,1.15,5,7,7,340.91,3.0,1,Static TL
600.0,900.0,33.0, P_to_KBJ_1,33.0,114.1,31,17.0,17.0,7.65,2,56.82,2,16.5,16.5,0.38,0.1,3.97,1.51,7.72,0.16,5,5,5,43.37,2.0,1,Static TL
900.0,1200.0,165.0, P_to_KBJ_1,165.0,448.61,161,76.0,76.0,9.55,3,75.42,3,41.25,41.25,1.5,0.54,14.71,0.27,33.99,0.59,5,2,5,173.43,4.0,1,Static TL
1200.0,1500.0,445.0, P_to_KBJ_1,321.0,1003.51,320,178.0,104.0,9.54,3,75.42,3,111.25,80.25,3.35,1.07,27.84,0.29,36.91,1.16,6,8,9,339.29,2.0,1,Static TL
1500.0,1800.0,187.0, P_to_KBJ_1,175.0,459.75,171,60.0,60.0,9.3,3,72.92,3,37.4,35.0,1.53,0.57,14.23,0.5,23.21,0.67,7,8,8,192.85,4.0,1,Static TL
1800.0,2100.0,404.0, P_to_KBJ_1,404.0,1337.86,401,143.0,143.0,10.0,3,59.98,3,134.67,134.67,4.46,1.34,30.95,0.54,24.9,1.52,17,17,17,440.78,3.0,1,Static TL
2100.0,2400.0,143.0, P_to_KBJ_1,143.0,500.59,138,34.0,34.0,9.31,3,73.06,3,28.6,28.6,1.67,0.46,15.9,0.84,11.8,0.59,13,10,13,163.61,6.0,1,Static TL
2400.0,2700.0,587.0, P_to_KBJ_1,502.0,1356.21,496,104.0,104.0,10.0,4,69.98,4,65.22,55.78,4.52,1.65,34.87,0.24,39.63,1.78,10,10,13,524.24,6.0,1,Static TL
2700.0,3000.0,585.0, P_to_KBJ_1,367.0,1213.21,363,113.0,112.0,10.0,3,69.98,3,83.57,52.43,4.04,1.21,32.19,0.47,24.38,1.38,13,15,16,403.54,4.0,1,Static TL
3000.0,3300.0,269.0, P_to_KBJ_1,264.0,799.39,258,76.0,76.0,9.31,3,73.05,3,38.43,37.71,2.66,0.86,24.61,0.66,14.8,1.04,18,16,19,295.83,7.0,1,Static TL
3300.0,3600.0,636.0, P_to_KBJ_1,578.0,2153.9,578,143.0,117.0,9.75,3,77.42,3,106.0,96.33,7.18,1.93,60.3,0.22,45.94,2.06,10,11,13,607.24,4.0,1,Static TL
3600.0,3900.0,666.0, P_to_KBJ_1,475.0,2273.81,471,167.0,167.0,10.0,2,86.07,2,111.0,79.17,7.58,1.57,72.02,0.44,28.0,1.8,16,17,18,520.46,4.0,1,Static TL
3900.0,4200.0,436.0, P_to_KBJ_1,436.0,1523.46,428,139.0,139.0,9.73,3,76.49,3,48.44,48.44,5.08,1.43,49.47,0.65,18.41,1.76,25,26,26,503.76,11.0,1,Static TL
4200.0,4500.0,474.0, P_to_KBJ_1,474.0,1987.94,470,145.0,145.0,9.31,2,100.0,2,67.71,67.71,6.63,1.57,56.61,0.3,35.53,1.73,14,12,14,508.51,8.0,1,Static TL
4500.0,4800.0,955.0, P_to_KBJ_1,857.0,2623.56,851,157.0,157.0,10.0,4,77.56,4,106.11,95.22,8.75,2.84,67.17,0.16,58.6,3.0,13,11,15,889.15,8.0,1,Static TL
4800.0,5100.0,1028.0, P_to_KBJ_1,418.0,1667.39,431,173.0,139.0,10.0,4,71.92,4,102.8,41.8,5.56,1.44,54.2,0.79,13.89,1.82,31,33,35,517.06,7.0,1,Static TL
5100.0,5313.0,428.0, P_to_KBJ_1,363.0,1467.88,360,168.0,168.0,8.26,2,62.0,2,85.6,72.6,6.89,1.69,54.45,0.16,74.61,1.79,3,5,5,377.43,3.0,1,Static TL
0.0,300.0,124.0, P_to_KBJ_1,124.0,336.98,121,76.0,76.0,10.0,3,69.98,3,41.33,41.33,1.12,0.4,9.53,0.34,25.15,0.44,5,2,5,128.92,3.0,2,Static TL
300.0,600.0,476.0, P_to_KBJ_1,352.0,1089.1,350,138.0,112.0,10.0,3,69.98,3,95.2,70.4,3.63,1.17,28.67,0.25,45.35,1.25,5,8,8,370.06,2.0,2,Static TL
600.0,900.0,14.0, P_to_KBJ_1,14.0,81.25,13,14.0,14.0,6.25,1,62.5,1,14.0,14.0,0.27,0.04,4.03,2.74,3.92,0.1,5,5,5,24.44,1.0,2,Static TL
900.0,1200.0,164.0, P_to_KBJ_1,164.0,437.83,160,77.0,77.0,10.0,3,69.98,3,41.0,41.0,1.46,0.53,13.44,0.26,33.56,0.58,5,2,5,170.86,4.0,2,Static TL
1200.0,1500.0,423.0, P_to_KBJ_1,299.0,985.11,298,173.0,98.0,10.0,3,69.98,3,105.75,74.75,3.28,0.99,24.94,0.32,34.44,1.08,6,8,9,317.96,1.0,2,Static TL
1500.0,1800.0,111.0, P_to_KBJ_1,103.0,391.62,100,49.0,49.0,8.65,2,66.42,2,27.75,25.75,1.31,0.33,13.86,0.8,14.39,0.43,7,8,8,121.99,3.0,2,Static TL
1800.0,2100.0,532.0, P_to_KBJ_1,532.0,1711.89,525,140.0,140.0,9.01,3,70.06,3,76.0,76.0,5.71,1.75,48.6,0.41,29.43,1.97,19,17,19,576.69,7.0,2,Static TL
2100.0,2400.0,426.0, P_to_KBJ_1,373.0,1539.12,369,173.0,146.0,10.0,3,79.98,3,71.0,62.17,5.13,1.23,42.86,0.39,24.16,1.38,14,13,16,398.17,4.0,2,Static TL
2400.0,2700.0,575.0, P_to_KBJ_1,493.0,1406.96,489,104.0,104.0,10.0,4,79.98,4,82.14,70.43,4.69,1.63,38.39,0.22,36.21,1.76,11,10,14,515.84,5.0,2,Static TL
2700.0,3000.0,570.0, P_to_KBJ_1,293.0,1093.1,290,115.0,109.0,10.0,4,69.97,4,81.43,41.86,3.64,0.97,31.28,0.52,20.95,1.13,11,14,15,327.37,3.0,2,Static TL
3000.0,3300.0,422.0, P_to_KBJ_1,396.0,1360.31,389,126.0,126.0,10.0,3,69.98,3,52.75,49.5,4.53,1.3,42.56,0.44,26.33,1.49,15,13,16,434.93,9.0,2,Static TL
3300.0,3600.0,946.0, P_to_KBJ_1,796.0,2540.19,791,170.0,123.0,10.0,3,76.75,3,105.11,88.44,8.47,2.64,63.37,0.14,62.61,2.77,10,10,13,821.94,7.0,2,Static TL
3600.0,3900.0,851.0, P_to_KBJ_1,534.0,1964.4,559,177.0,151.0,9.21,3,65.5,3,85.1,53.4,6.55,1.86,53.68,0.46,24.06,2.14,22,23,25,621.98,8.0,2,Static TL
3900.0,4200.0,750.0, P_to_KBJ_1,750.0,1952.47,736,162.0,162.0,10.0,4,71.26,4,53.57,53.57,6.51,2.45,53.77,0.37,28.08,2.77,26,25,28,807.55,14.0,2,Static TL
4200.0,4500.0,895.0, P_to_KBJ_1,877.0,2331.64,868,154.0,149.0,10.0,4,79.39,4,63.93,62.64,7.77,2.89,52.69,0.17,52.95,3.08,14,13,17,911.87,12.0,2,Static TL
4500.0,4800.0,1112.0, P_to_KBJ_1,891.0,2641.04,883,160.0,151.0,10.0,4,69.98,4,92.67,74.25,8.8,2.94,62.98,0.2,51.01,3.15,14,15,18,931.73,8.0,2,Static TL
4800.0,5100.0,946.0, P_to_KBJ_1,498.0,1614.43,496,167.0,142.0,10.0,3,69.98,3,118.25,62.25,5.38,1.65,44.96,0.73,14.74,2.04,34,37,37,575.72,6.0,2,Static TL
5100.0,5157.0,0.0, P_to_KBJ_1,0.0,0.0,0,0.0,0.0,0.0,0,0.0,0,0.0,0.0,0.0,0.0,0.0,-1.0,-1.0,0.0,0,0,0,0.0,0.0,2,Static TL
0.0,300.0,123.0, P_to_KBJ_1,123.0,335.07,120,77.0,77.0,10.0,3,69.98,3,41.0,41.0,1.12,0.4,9.61,0.34,25.04,0.44,5,2,5,128.25,3.0,3,Static TL
300.0,600.0,470.0, P_to_KBJ_1,347.0,1211.1,345,137.0,110.0,10.0,3,69.98,3,94.0,69.4,4.04,1.15,34.07,0.25,44.62,1.23,5,8,8,363.78,2.0,3,Static TL
600.0,900.0,31.0, P_to_KBJ_1,31.0,106.45,29,16.0,16.0,7.65,2,56.46,2,15.5,15.5,0.35,0.1,4.01,1.66,7.31,0.16,5,5,5,41.69,2.0,3,Static TL
900.0,1200.0,166.0, P_to_KBJ_1,166.0,376.0,162,76.0,76.0,10.0,3,69.98,3,41.5,41.5,1.25,0.54,11.47,0.27,33.94,0.59,5,2,5,173.21,4.0,3,Static TL
1200.0,1500.0,422.0, P_to_KBJ_1,300.0,982.21,299,171.0,97.0,10.0,3,69.98,3,105.5,75.0,3.27,1.0,24.83,0.31,34.63,1.08,6,8,9,318.9,2.0,3,Static TL
1500.0,1800.0,172.0, P_to_KBJ_1,160.0,417.74,156,56.0,56.0,6.49,2,70.92,3,34.4,32.0,1.39,0.52,13.08,0.52,21.31,0.61,7,8,8,176.9,4.0,3,Static TL
1800.0,2100.0,306.0, P_to_KBJ_1,306.0,1081.15,301,145.0,145.0,7.2,2,62.0,3,38.25,38.25,3.6,1.0,36.58,0.75,17.73,1.25,19,19,19,356.65,9.0,3,Static TL
2100.0,2400.0,157.0, P_to_KBJ_1,157.0,660.35,153,60.0,60.0,10.0,2,79.99,2,39.25,39.25,2.2,0.51,20.3,0.78,14.06,0.63,12,10,12,178.8,4.0,3,Static TL
2400.0,2700.0,459.0, P_to_KBJ_1,392.0,1414.92,386,105.0,105.0,10.0,3,79.99,3,57.38,49.0,4.72,1.29,37.89,0.38,27.31,1.44,13,12,15,421.37,6.0,3,Static TL
2700.0,3000.0,599.0, P_to_KBJ_1,378.0,1183.72,370,110.0,108.0,10.0,4,69.98,4,54.45,34.36,3.95,1.23,31.12,0.47,22.35,1.45,15,14,18,416.91,8.0,3,Static TL
3000.0,3300.0,335.0, P_to_KBJ_1,323.0,986.27,332,125.0,125.0,10.0,4,69.98,4,55.83,53.83,3.29,1.11,27.94,0.61,15.49,1.3,19,21,23,372.87,5.0,3,Static TL
3300.0,3600.0,680.0, P_to_KBJ_1,651.0,2260.2,650,142.0,116.0,10.0,3,69.98,3,85.0,81.38,7.53,2.17,55.55,0.21,44.97,2.32,13,12,15,684.55,7.0,3,Static TL
3600.0,3900.0,810.0, P_to_KBJ_1,529.0,2312.59,525,161.0,161.0,10.0,3,74.99,3,115.71,75.57,7.71,1.75,61.44,0.38,29.12,1.95,16,18,19,569.61,5.0,3,Static TL
3900.0,4200.0,635.0, P_to_KBJ_1,635.0,2068.43,626,171.0,171.0,10.0,3,69.98,3,70.56,70.56,6.89,2.09,53.53,0.37,30.16,2.33,21,19,22,681.95,10.0,3,Static TL
4200.0,4500.0,690.0, P_to_KBJ_1,646.0,2227.12,641,162.0,148.0,9.61,3,86.07,3,86.25,80.75,7.42,2.14,63.73,0.25,39.23,2.31,14,15,17,679.76,5.0,3,Static TL
4500.0,4800.0,863.0, P_to_KBJ_1,746.0,2268.6,743,152.0,151.0,10.0,4,86.07,4,107.88,93.25,7.56,2.48,60.54,0.38,28.09,2.77,26,24,28,809.39,7.0,3,Static TL
4800.0,5100.0,1022.0, P_to_KBJ_1,477.0,1794.86,470,169.0,169.0,10.0,4,66.42,4,92.91,43.36,5.98,1.57,51.82,0.57,19.82,1.87,22,26,26,538.58,8.0,3,Static TL
5100.0,5153.0,0.0, P_to_KBJ_1,0.0,0.0,0,0.0,0.0,0.0,0,0.0,0,0.0,0.0,0.0,0.0,0.0,-1.0,-1.0,0.0,0,0,0,0.0,0.0,3,Static TL
0.0,300.0,148.0, P_to_KBJ_2,148.0,536.1,144,83.0,83.0,8.7,2,66.82,2,37.0,37.0,1.79,0.48,16.85,0.84,13.28,0.6,12,10,12,170.23,4.0,1,Static TL
300.0,600.0,377.0, P_to_KBJ_2,366.0,1595.34,364,121.0,112.0,8.82,2,68.16,2,94.25,91.5,5.32,1.21,43.85,0.41,26.91,1.33,12,12,14,389.06,2.0,1,Static TL
600.0,900.0,628.0, P_to_KBJ_2,485.0,1715.72,641,145.0,145.0,10.0,4,65.17,4,125.6,97.0,5.72,2.14,40.73,0.26,47.43,2.3,12,14,14,676.68,4.0,1,Static TL
900.0,1200.0,214.0, P_to_KBJ_2,214.0,666.29,210,93.0,93.0,10.0,3,69.98,3,53.5,53.5,2.22,0.7,19.61,0.62,20.62,0.83,11,10,11,237.56,4.0,1,Static TL
1200.0,1500.0,515.0, P_to_KBJ_2,504.0,1939.01,500,161.0,151.0,10.0,3,69.98,3,103.0,100.8,6.46,1.67,50.97,0.38,30.42,1.83,16,14,17,531.91,4.0,1,Static TL
1500.0,1800.0,1012.0, P_to_KBJ_2,809.0,2249.38,805,159.0,144.0,10.0,4,69.98,4,144.57,115.57,7.5,2.68,56.64,0.39,28.55,2.92,26,25,29,852.16,4.0,1,Static TL
1800.0,2100.0,1139.0, P_to_KBJ_2,600.0,1855.48,597,176.0,176.0,10.0,4,76.16,4,162.71,85.71,6.18,1.99,55.16,0.9,13.0,2.41,45,48,49,681.86,3.0,1,Static TL
2100.0,2400.0,545.0, P_to_KBJ_2,545.0,1835.6,540,168.0,168.0,10.0,3,71.32,3,109.0,109.0,6.12,1.8,50.07,0.83,14.64,2.16,38,37,39,607.75,5.0,1,Static TL
2400.0,2700.0,468.0, P_to_KBJ_2,406.0,1798.92,404,167.0,130.0,9.13,2,71.32,2,117.0,101.5,6.0,1.35,51.6,0.84,13.59,1.65,30,30,32,464.01,2.0,1,Static TL
2700.0,3000.0,756.0, P_to_KBJ_2,609.0,1973.32,606,166.0,166.0,9.03,3,70.32,3,151.2,121.8,6.58,2.02,54.27,0.4,29.69,2.2,19,19,21,643.06,3.0,1,Static TL
3000.0,3300.0,799.0, P_to_KBJ_2,477.0,1457.53,472,162.0,160.0,10.0,3,79.99,3,114.14,68.14,4.86,1.57,42.5,1.42,7.94,2.16,64,64,66,585.7,5.0,1,Static TL
3300.0,3600.0,493.0, P_to_KBJ_2,483.0,2371.41,480,175.0,170.0,10.0,2,79.99,2,98.6,96.6,7.9,1.6,68.38,0.75,16.27,1.87,29,29,31,533.85,3.0,1,Static TL
3600.0,3900.0,761.0, P_to_KBJ_2,618.0,2195.26,614,172.0,140.0,9.62,3,76.17,3,126.83,103.0,7.32,2.05,61.71,0.56,21.18,2.3,28,27,30,663.9,4.0,1,Static TL
3900.0,4200.0,1062.0, P_to_KBJ_2,648.0,1991.18,637,179.0,172.0,9.52,3,72.9,3,75.86,46.28,6.64,2.12,54.53,0.76,15.35,2.58,42,44,45,731.85,12.0,1,Static TL
4200.0,4500.0,633.0, P_to_KBJ_2,633.0,2006.47,626,180.0,180.0,10.0,3,93.69,3,90.43,90.43,6.69,2.09,52.95,0.81,14.41,2.48,45,43,46,705.67,7.0,1,Static TL
4500.0,4800.0,711.0, P_to_KBJ_2,620.0,2161.91,617,173.0,143.0,10.0,3,69.98,3,118.5,103.33,7.21,2.06,59.04,0.53,22.0,2.3,26,27,29,664.23,3.0,1,Static TL
4800.0,5100.0,833.0, P_to_KBJ_2,640.0,2163.73,633,177.0,160.0,9.82,3,68.15,3,92.56,71.11,7.21,2.11,58.74,0.61,18.92,2.42,33,32,35,693.09,8.0,1,Static TL
5100.0,5313.0,516.0, P_to_KBJ_2,41.0,132.06,40,173.0,16.0,9.82,3,68.15,3,129.0,10.25,0.62,0.19,7.33,3.08,2.92,0.38,15,18,18,67.57,1.0,1,Static TL
0.0,300.0,179.0, P_to_KBJ_2,179.0,591.47,173,81.0,81.0,10.0,3,79.99,3,29.83,29.83,1.97,0.58,19.68,0.68,17.38,0.71,11,9,11,201.9,6.0,2,Static TL
300.0,600.0,387.0, P_to_KBJ_2,364.0,1650.7,362,123.0,111.0,10.0,2,79.99,2,96.75,91.0,5.5,1.21,45.95,0.46,25.03,1.34,13,13,15,389.19,2.0,2,Static TL
600.0,900.0,526.0, P_to_KBJ_2,383.0,1750.21,380,143.0,143.0,9.62,2,76.17,2,105.2,76.6,5.83,1.27,48.37,0.42,28.35,1.4,12,14,14,408.99,3.0,2,Static TL
900.0,1200.0,159.0, P_to_KBJ_2,159.0,630.27,156,93.0,93.0,9.13,2,71.32,2,53.0,53.0,2.1,0.52,19.78,0.84,14.1,0.63,12,10,12,181.01,3.0,2,Static TL
1200.0,1500.0,712.0, P_to_KBJ_2,702.0,1946.52,697,160.0,151.0,10.0,4,69.97,4,118.67,117.0,6.49,2.32,51.57,0.26,44.78,2.48,14,14,16,730.1,5.0,2,Static TL
1500.0,1800.0,713.0, P_to_KBJ_2,575.0,1802.06,572,159.0,141.0,8.55,3,67.5,3,142.6,115.0,6.01,1.91,52.06,0.57,20.38,2.14,27,26,29,616.57,4.0,2,Static TL
1800.0,2100.0,984.0, P_to_KBJ_2,588.0,1900.63,581,178.0,178.0,10.0,3,69.98,3,98.4,58.8,6.34,1.94,51.99,0.82,14.25,2.37,41,44,44,667.89,8.0,2,Static TL
2100.0,2400.0,436.0, P_to_KBJ_2,436.0,1817.18,430,171.0,171.0,10.0,4,70.17,4,72.67,72.67,6.06,1.43,51.16,1.09,10.8,1.83,43,39,43,506.69,6.0,2,Static TL
2400.0,2700.0,766.0, P_to_KBJ_2,671.0,2031.13,669,168.0,133.0,10.0,4,79.99,4,127.67,111.83,6.77,2.23,50.21,0.55,21.06,2.51,29,31,33,724.32,2.0,2,Static TL
2700.0,3000.0,595.0, P_to_KBJ_2,447.0,1984.79,445,165.0,165.0,10.0,2,79.99,2,148.75,111.75,6.62,1.48,54.63,0.52,23.03,1.65,18,19,20,479.41,2.0,2,Static TL
3000.0,3300.0,534.0, P_to_KBJ_2,373.0,1781.16,367,171.0,171.0,10.0,3,74.99,3,76.28,53.28,5.94,1.22,54.62,1.68,6.91,1.76,59,57,60,473.78,6.0,2,Static TL
3300.0,3600.0,690.0, P_to_KBJ_2,660.0,2165.92,655,181.0,172.0,9.48,3,74.82,3,86.25,82.5,7.22,2.18,63.38,0.54,22.67,2.45,27,28,30,709.16,5.0,2,Static TL
3600.0,3900.0,629.0, P_to_KBJ_2,486.0,2123.84,482,174.0,141.0,9.62,2,76.17,3,104.83,81.0,7.08,1.61,62.94,0.75,14.94,1.89,32,32,34,537.98,4.0,2,Static TL
3900.0,4200.0,712.0, P_to_KBJ_2,431.0,1881.59,425,180.0,172.0,9.62,2,76.17,2,89.0,53.88,6.27,1.42,55.78,1.13,10.14,1.84,44,45,46,509.81,7.0,2,Static TL
4200.0,4500.0,645.0, P_to_KBJ_2,645.0,2094.9,635,183.0,183.0,10.0,3,74.83,3,64.5,64.5,6.98,2.12,56.63,0.86,13.72,2.55,48,46,49,717.73,10.0,2,Static TL
4500.0,4800.0,711.0, P_to_KBJ_2,621.0,2137.73,618,171.0,142.0,9.48,3,74.82,3,118.5,103.5,7.13,2.06,63.56,0.61,19.01,2.36,31,32,34,677.33,4.0,2,Static TL
4800.0,5100.0,680.0, P_to_KBJ_2,485.0,1982.74,481,178.0,161.0,8.27,2,72.66,3,113.33,80.83,6.61,1.6,57.65,0.77,14.59,1.91,33,33,35,542.06,5.0,2,Static TL
5100.0,5157.0,343.0, P_to_KBJ_2,23.0,93.0,23,172.0,12.0,8.27,2,62.66,2,171.5,11.5,1.63,0.4,23.62,3.65,2.54,1.09,12,14,14,48.99,0.0,2,Static TL
0.0,300.0,81.0, P_to_KBJ_2,81.0,323.47,78,54.0,54.0,8.27,2,64.68,2,27.0,27.0,1.08,0.26,12.23,1.35,7.89,0.39,12,10,12,105.38,5.0,3,Static TL
300.0,600.0,299.0, P_to_KBJ_2,289.0,989.37,287,121.0,112.0,7.76,2,67.5,2,99.67,96.33,3.3,0.96,31.45,0.55,21.48,1.09,12,13,14,313.62,3.0,3,Static TL
600.0,900.0,429.0, P_to_KBJ_2,363.0,1342.82,360,145.0,145.0,8.2,2,62.5,2,107.25,90.75,4.48,1.2,37.62,0.43,29.22,1.35,12,13,13,391.9,4.0,3,Static TL
900.0,1200.0,214.0, P_to_KBJ_2,214.0,655.17,210,93.0,93.0,10.0,3,69.98,3,53.5,53.5,2.18,0.7,18.93,0.62,18.84,0.83,12,10,12,236.33,4.0,3,Static TL
1200.0,1500.0,588.0, P_to_KBJ_2,578.0,2128.01,574,160.0,150.0,10.0,3,76.17,3,117.6,115.6,7.09,1.91,54.6,0.31,36.86,2.06,14,14,16,603.99,4.0,3,Static TL
1500.0,1800.0,598.0, P_to_KBJ_2,460.0,2198.05,458,159.0,143.0,9.62,2,76.17,2,149.5,115.0,7.33,1.53,62.73,0.69,17.66,1.76,25,25,27,503.49,2.0,3,Static TL
1800.0,2100.0,842.0, P_to_KBJ_2,561.0,1895.06,554,175.0,175.0,10.0,3,76.17,3,93.56,62.33,6.32,1.85,52.61,0.89,13.34,2.29,43,44,45,642.75,7.0,3,Static TL
2100.0,2400.0,549.0, P_to_KBJ_2,549.0,1822.67,544,167.0,167.0,10.0,3,69.98,3,109.8,109.8,6.08,1.81,50.51,0.88,13.74,2.2,41,40,42,616.86,5.0,3,Static TL
2400.0,2700.0,477.0, P_to_KBJ_2,411.0,1644.3,407,168.0,132.0,10.0,2,74.99,3,79.5,68.5,5.48,1.36,49.31,0.84,13.07,1.63,31,31,33,460.22,4.0,3,Static TL
2700.0,3000.0,754.0, P_to_KBJ_2,608.0,2199.2,605,167.0,167.0,10.0,3,74.99,3,150.8,121.6,7.33,2.02,55.89,0.39,29.81,2.21,19,19,21,644.24,3.0,3,Static TL
3000.0,3300.0,848.0, P_to_KBJ_2,529.0,1660.17,521,172.0,172.0,9.62,3,76.16,3,84.8,52.9,5.53,1.74,53.61,1.29,8.78,2.34,64,64,66,641.19,8.0,3,Static TL
3300.0,3600.0,829.0, P_to_KBJ_2,821.0,2269.8,815,175.0,170.0,9.84,4,68.32,4,103.62,102.62,7.57,2.72,58.58,0.45,26.21,2.99,30,30,32,867.82,6.0,3,Static TL
3600.0,3900.0,904.0, P_to_KBJ_2,765.0,2282.8,759,171.0,142.0,10.0,4,68.16,4,113.0,95.62,7.61,2.53,55.37,0.49,23.79,2.81,31,29,33,814.2,6.0,3,Static TL
3900.0,4200.0,1242.0, P_to_KBJ_2,683.0,2122.61,680,183.0,172.0,10.0,4,69.98,4,177.43,97.57,7.08,2.27,55.01,0.8,14.94,2.69,44,47,48,762.56,3.0,3,Static TL
4200.0,4500.0,620.0, P_to_KBJ_2,620.0,2033.46,612,176.0,176.0,10.0,3,88.0,3,77.5,77.5,6.78,2.04,55.69,0.84,14.39,2.43,44,42,45,690.92,8.0,3,Static TL
4500.0,4800.0,812.0, P_to_KBJ_2,720.0,2386.21,716,172.0,142.0,10.0,3,79.98,3,116.0,102.86,7.95,2.39,68.5,0.5,23.25,2.67,29,29,32,773.2,4.0,3,Static TL
4800.0,5100.0,856.0, P_to_KBJ_2,560.0,2105.43,556,179.0,160.0,10.0,3,79.98,3,122.28,80.0,7.02,1.85,64.52,0.68,17.2,2.14,31,32,34,615.32,5.0,3,Static TL
5100.0,5153.0,341.0, P_to_KBJ_2,23.0,92.9,23,171.0,12.0,8.27,2,72.66,3,170.5,11.5,1.75,0.43,23.93,3.22,2.85,1.08,10,12,12,45.01,0.0,3,Static TL
